Duration,Service,Source bytes,Destination bytes,Count,Same srv rate,Serror rate,Srv serror rate,Dst host count,Dst host srv count,Dst host same src port rate,Dst host serror rate,Dst host srv serror rate,Protocol
0,https,93,0,0,0,0,0,1,1,1,0,0,TCP
0.010267019271850586,https,171,0,0,0,0,0,1,1,1,0,0,TCP
0.013000965118408203,https,171,60,0,0,0,0,1,1,0,0,0,TCP
0.022929906845092773,https,171,120,0,0,0,1,1,1,0,1,1,TCP
0.023022890090942383,https,225,120,0,0,0,1,1,1,1,1,1,TCP
0,dns,74,0,0,0,0,0,1,1,1,0,0,UDP
0.007700920104980469,dns,148,0,0,0,0,0,1,1,1,0,0,UDP
0.029950857162475586,dns,148,104,0,0,0,0,1,1,0,0,0,UDP
0.030017852783203125,dns,148,220,0,0,0,0,1,1,0,0,0,UDP
0,https,74,0,0,0,0,0,1,1,1,0,0,TCP
0.025135040283203125,https,74,60,0,0,0,0,1,1,0,0,0,TCP
0.02517390251159668,https,128,60,0,0,0,0,1,1,1,0,0,TCP
0.028187036514282227,https,699,60,0,0,0,1,1,1,1,1,1,TCP
0.03784990310668945,https,753,60,0,0,0,1,1,1,1,1,1,TCP
0.0386500358581543,https,753,120,0,0,0,1,1,1,0,1,1,TCP
0.06936001777648926,https,753,1604,0,0,0,1,1,1,0,1,1,TCP
0.06943607330322266,https,807,1604,0,0,0,1,1,1,1,1,1,TCP
0,https,74,0,1,2,1,0,2,2,0,0,0,TCP
0.02716803550720215,https,74,60,1,2,1,0,2,2,0,0,0,TCP
0.027247905731201172,https,128,60,1,2,1,0,2,2,0,0,0,TCP
0.02957010269165039,https,699,60,1,2,2,1,2,2,0,1,1,TCP
0.048367977142333984,https,699,120,1,2,2,1,2,2,0,1,1,TCP
0.05192399024963379,https,753,120,1,2,2,1,2,2,0,1,1,TCP
0.05239391326904297,https,753,180,1,2,2,1,2,2,0,1,1,TCP
0.07297611236572266,https,753,1694,1,2,2,1,2,2,0,1,1,TCP
0.07305002212524414,https,807,1694,1,2,2,1,2,2,0,1,1,TCP
0.6651530265808105,dns,222,220,0,0,0,0,1,1,1,0,0,UDP
0.6654200553894043,dns,296,220,0,0,0,0,1,1,1,0,0,UDP
0.6928699016571045,dns,296,324,0,0,0,0,1,1,0,0,0,UDP
0.6929688453674316,dns,296,440,0,0,0,0,1,1,0,0,0,UDP
0,https,74,0,2,1,1,0,3,3,0,0,0,TCP
0.023953914642333984,https,74,60,2,1,1,0,3,3,0,0,0,TCP
0.023993968963623047,https,128,60,2,1,1,0,3,3,0,0,0,TCP
0.026512861251831055,https,699,60,2,1,1,1,3,3,0,1,1,TCP
0.045835018157958984,https,699,120,2,1,1,1,3,3,0,1,1,TCP
0.07088685035705566,https,699,1604,2,1,1,1,3,3,0,1,1,TCP
0.07091593742370605,https,753,1604,2,1,1,1,3,3,0,1,1,TCP
0.07213282585144043,https,753,2631,2,1,1,1,3,3,0,1,1,TCP
0.07215380668640137,https,807,2631,2,1,1,1,3,3,0,1,1,TCP
0.7834398746490479,dns,369,440,0,0,0,0,1,1,1,0,0,UDP
0.7842459678649902,dns,442,440,0,0,0,0,1,1,1,0,0,UDP
0.8217048645019531,dns,442,598,0,0,0,0,1,1,0,0,0,UDP
0.8606560230255127,dns,442,768,0,0,0,0,1,1,0,0,0,UDP
0,http,74,0,0,0,0,0,1,1,1,0,0,TCP
0.02692699432373047,http,74,60,0,0,0,0,1,1,0,0,0,TCP
0.027009963989257812,http,128,60,0,0,0,0,1,1,1,0,0,TCP
0.027328014373779297,http,565,60,0,0,0,1,1,1,1,1,1,TCP
0,https,74,0,3,1,1,0,4,4,0,0,0,TCP
0.02397298812866211,https,74,60,3,1,1,0,4,5,0,0,0,TCP
0.024057865142822266,https,128,60,3,1,1,0,4,4,0,0,0,TCP
0.026301860809326172,https,699,60,3,1,1,1,4,4,0,1,1,TCP
0.09395694732666016,http,565,827,0,0,0,1,1,1,0,1,1,TCP
0.0940399169921875,http,619,827,0,0,0,1,1,1,1,1,1,TCP
0.07182097434997559,https,699,1544,3,1,1,1,4,5,0,1,1,TCP
0.0718989372253418,https,753,1544,3,1,1,1,4,4,0,1,1,TCP
0.07323098182678223,https,753,2569,3,1,1,1,4,5,0,1,1,TCP
0.07324576377868652,https,807,2569,3,1,1,1,4,4,0,1,1,TCP
0,https,74,0,4,1,1,0,5,5,0,0,0,TCP
0.027008056640625,https,74,60,4,1,1,0,5,6,0,0,0,TCP
0.027046918869018555,https,128,60,4,1,1,0,5,5,0,0,0,TCP
0.3426330089569092,https,925,2631,4,1,1,0,5,5,0,0,0,TCP
0.1781001091003418,http,1056,827,0,0,0,1,1,1,1,1,1,TCP
0.3469688892364502,https,1149,2631,4,1,1,0,5,5,0,0,0,TCP
0.03457999229431152,https,182,60,4,1,1,1,5,5,0,1,1,TCP
0.3475019931793213,https,1149,2691,4,1,1,1,5,6,0,1,1,TCP
0.034996986389160156,https,182,120,4,1,1,1,5,6,0,1,1,TCP
0.36652493476867676,https,1149,3247,4,1,1,1,5,6,0,1,1,TCP
0.36658501625061035,https,1203,3247,4,1,1,1,5,5,0,1,1,TCP
0.059834957122802734,https,182,180,4,1,1,1,5,6,0,1,1,TCP
0.05987691879272461,https,236,180,4,1,1,1,5,5,0,1,1,TCP
0.39076781272888184,https,1203,3394,4,1,1,1,5,6,0,1,1,TCP
0.39079880714416504,https,1257,3394,4,1,1,1,5,5,0,1,1,TCP
0.3920438289642334,https,1342,3394,4,1,1,1,5,5,0,1,1,TCP
1.088364839553833,dns,517,768,0,0,0,0,1,1,1,0,0,UDP
1.0884850025177002,dns,592,768,0,0,0,0,1,1,1,0,0,UDP
1.0897228717803955,dns,667,768,0,0,0,0,1,1,1,0,0,UDP
1.0898339748382568,dns,742,768,0,0,0,0,1,1,1,0,0,UDP
1.0913009643554688,dns,822,768,0,0,0,0,1,1,1,0,0,UDP
1.091939926147461,dns,902,768,0,0,0,0,1,1,1,0,0,UDP
0.23881793022155762,http,1056,1594,0,0,0,1,1,1,0,1,1,TCP
0.23885011672973633,http,1110,1594,0,0,0,1,1,1,1,1,1,TCP
0.40653085708618164,https,1870,3394,4,1,1,1,5,5,0,1,1,TCP
0.40732693672180176,https,1870,3454,4,1,1,1,5,6,0,1,1,TCP
1.1164929866790771,dns,902,874,0,0,0,0,1,1,0,0,0,UDP
1.1165590286254883,dns,902,992,0,0,0,0,1,1,0,0,0,UDP
1.1165618896484375,dns,902,1146,0,0,0,0,1,1,0,0,0,UDP
1.1183979511260986,dns,902,1312,0,0,0,0,1,1,0,0,0,UDP
1.1184320449829102,dns,902,1494,0,0,0,0,1,1,0,0,0,UDP
1.1197190284729004,dns,902,1688,0,0,0,0,1,1,0,0,0,UDP
0.23014593124389648,https,925,2569,4,1,1,1,5,5,0,1,1,TCP
0.23085594177246094,https,1166,2569,4,1,1,1,5,5,0,1,1,TCP
0.23165678977966309,https,1166,2629,4,1,1,1,5,6,0,1,1,TCP
0.25566697120666504,https,1166,3185,4,1,1,1,5,6,0,1,1,TCP
0.2556939125061035,https,1220,3185,4,1,1,1,5,5,0,1,1,TCP
0.25628089904785156,https,1298,3185,4,1,1,1,5,5,0,1,1,TCP
0.2563657760620117,https,1352,3185,4,1,1,1,5,5,0,1,1,TCP
0.2570319175720215,https,1352,3245,4,1,1,1,5,6,0,1,1,TCP
0.2801167964935303,https,1352,3392,4,1,1,1,5,6,0,1,1,TCP
0.2801477909088135,https,1406,3392,4,1,1,1,5,5,0,1,1,TCP
0.28023195266723633,https,1406,3452,4,1,1,1,5,6,0,1,1,TCP
0.2802579402923584,https,1460,3452,4,1,1,1,5,5,0,1,1,TCP
0.5707919597625732,https,1870,3793,4,1,1,1,5,6,0,1,1,TCP
0.5708968639373779,https,1870,5307,4,1,1,1,5,6,0,1,1,TCP
0.5709099769592285,https,1924,5307,4,1,1,1,5,5,0,1,1,TCP
0.5792889595031738,https,1924,6761,4,1,1,1,5,6,0,1,1,TCP
0.579352855682373,https,1924,8275,4,1,1,1,5,6,0,1,1,TCP
0.5793638229370117,https,1978,8275,4,1,1,1,5,5,0,1,1,TCP
0.5801758766174316,https,1978,9789,4,1,1,1,5,6,0,1,1,TCP
0.5847699642181396,https,1978,11303,4,1,1,1,5,6,0,1,1,TCP
0.5847928524017334,https,2032,11303,4,1,1,1,5,5,0,1,1,TCP
0.5851469039916992,https,2032,12817,4,1,1,1,5,6,0,1,1,TCP
0.588778018951416,https,2032,14331,4,1,1,1,5,6,0,1,1,TCP
0.5887999534606934,https,2086,14331,4,1,1,1,5,5,0,1,1,TCP
0.588939905166626,https,2086,15845,4,1,1,1,5,6,0,1,1,TCP
0.589324951171875,https,2086,18819,4,1,1,1,5,6,0,1,1,TCP
0.5893340110778809,https,2140,18819,4,1,1,1,5,5,0,1,1,TCP
0.5909919738769531,https,2140,19176,4,1,1,1,5,6,0,1,1,TCP
0.5929238796234131,https,2140,22150,4,1,1,1,5,6,0,1,1,TCP
0.5929608345031738,https,2194,22150,4,1,1,1,5,5,0,1,1,TCP
0.593195915222168,https,2194,23664,4,1,1,1,5,6,0,1,1,TCP
0.5951669216156006,https,2194,25178,4,1,1,1,5,6,0,1,1,TCP
0.5951809883117676,https,2248,25178,4,1,1,1,5,5,0,1,1,TCP
0.5957138538360596,https,2248,26692,4,1,1,1,5,6,0,1,1,TCP
0.595721960067749,https,2248,28206,4,1,1,1,5,6,0,1,1,TCP
0.5957269668579102,https,2302,28206,4,1,1,1,5,5,0,1,1,TCP
0.59580397605896,https,2302,29720,4,1,1,1,5,6,0,1,1,TCP
0.5958080291748047,https,2302,31234,4,1,1,1,5,6,0,1,1,TCP
0.5958108901977539,https,2356,31234,4,1,1,1,5,5,0,1,1,TCP
0.595897912979126,https,2356,32748,4,1,1,1,5,6,0,1,1,TCP
0.5979359149932861,https,2356,34262,4,1,1,1,5,6,0,1,1,TCP
0.5979459285736084,https,2410,34262,4,1,1,1,5,5,0,1,1,TCP
0.5980520248413086,https,2410,35776,4,1,1,1,5,6,0,1,1,TCP
0.6017889976501465,https,2410,37290,4,1,1,1,5,6,0,1,1,TCP
0.6018359661102295,https,2464,37290,4,1,1,1,5,5,0,1,1,TCP
0.6019458770751953,https,2464,38804,4,1,1,1,5,6,0,1,1,TCP
0.6032419204711914,https,2464,40318,4,1,1,1,5,6,0,1,1,TCP
0.6032569408416748,https,2518,40318,4,1,1,1,5,5,0,1,1,TCP
0.6036429405212402,https,2518,41832,4,1,1,1,5,6,0,1,1,TCP
0.6036489009857178,https,2518,43346,4,1,1,1,5,6,0,1,1,TCP
0.6036548614501953,https,2572,43346,4,1,1,1,5,5,0,1,1,TCP
0.6039438247680664,https,2572,44860,4,1,1,1,5,6,0,1,1,TCP
0.6045589447021484,https,2572,46374,4,1,1,1,5,6,0,1,1,TCP
0.6045668125152588,https,2626,46374,4,1,1,1,5,5,0,1,1,TCP
0.6046450138092041,https,2626,47888,4,1,1,1,5,6,0,1,1,TCP
0.608928918838501,https,2626,49402,4,1,1,1,5,6,0,1,1,TCP
0.6089448928833008,https,2680,49402,4,1,1,1,5,5,0,1,1,TCP
0.609123945236206,https,2680,50916,4,1,1,1,5,6,0,1,1,TCP
0.6106829643249512,https,2680,52430,4,1,1,1,5,6,0,1,1,TCP
0.6106967926025391,https,2734,52430,4,1,1,1,5,5,0,1,1,TCP
0.6109459400177002,https,2734,53944,4,1,1,1,5,6,0,1,1,TCP
0.6119449138641357,https,2734,55458,4,1,1,1,5,6,0,1,1,TCP
0.6119568347930908,https,2788,55458,4,1,1,1,5,5,0,1,1,TCP
0.6120269298553467,https,2788,56972,4,1,1,1,5,6,0,1,1,TCP
0.6138567924499512,https,2788,58486,4,1,1,1,5,6,0,1,1,TCP
0.6138739585876465,https,2842,58486,4,1,1,1,5,5,0,1,1,TCP
0.6142609119415283,https,2842,60000,4,1,1,1,5,6,0,1,1,TCP
0.617473840713501,https,2842,61514,4,1,1,1,5,6,0,1,1,TCP
0.6174848079681396,https,2896,61514,4,1,1,1,5,5,0,1,1,TCP
0.6188139915466309,https,2896,61655,4,1,1,1,5,6,0,1,1,TCP
0.6190509796142578,https,2896,63169,4,1,1,1,5,6,0,1,1,TCP
0.6190588474273682,https,2950,63169,4,1,1,1,5,5,0,1,1,TCP
0.620244026184082,https,2950,64224,4,1,1,1,5,6,0,1,1,TCP
0.6205508708953857,https,3043,64224,4,1,1,1,5,5,0,1,1,TCP
0,https,74,0,0,0,0,0,1,1,1,0,0,TCP
1.3585610389709473,dns,988,1688,0,0,0,0,1,1,1,0,0,UDP
1.3591229915618896,dns,1074,1688,0,0,0,0,1,1,1,0,0,UDP
1.3596670627593994,dns,1160,1688,0,0,0,0,1,1,1,0,0,UDP
1.3897829055786133,dns,1160,2474,0,0,0,0,1,1,0,0,0,UDP
1.389845848083496,dns,1160,3260,0,0,0,0,1,1,0,0,0,UDP
1.395885944366455,dns,1160,3526,0,0,0,0,1,1,0,0,0,UDP
0.04992485046386719,https,74,60,0,0,0,0,1,7,0,0,0,TCP
0.05002784729003906,https,128,60,0,0,0,0,1,1,1,0,0,TCP
0.05211591720581055,https,699,60,0,0,0,1,1,1,1,1,1,TCP
0.09800601005554199,https,699,3034,0,0,0,1,1,7,0,1,1,TCP
0.09810805320739746,https,753,3034,0,0,0,1,1,1,1,1,1,TCP
0.0999460220336914,https,753,3182,0,0,0,1,1,7,0,1,1,TCP
0.09997200965881348,https,807,3182,0,0,0,1,1,1,1,1,1,TCP
0.1044919490814209,https,987,3182,0,0,0,1,1,1,1,1,1,TCP
0.10468697547912598,https,2240,3182,0,0,0,1,1,1,1,1,1,TCP
0.10500001907348633,https,2240,3242,0,0,0,1,1,7,0,1,1,TCP
0.812363862991333,https,3043,64284,4,1,1,1,5,7,0,1,1,TCP
0.15024089813232422,https,2240,3347,0,0,0,1,1,7,0,1,1,TCP
0.19125890731811523,https,2294,3347,0,0,0,1,1,1,1,1,1,TCP
0.19599604606628418,https,2294,3656,0,0,0,1,1,7,0,1,1,TCP
0.19602203369140625,https,2348,3656,0,0,0,1,1,1,1,1,1,TCP
0.895439863204956,https,3272,64284,4,1,1,1,5,5,0,1,1,TCP
0.9192349910736084,https,3272,64525,4,1,1,1,5,7,0,1,1,TCP
0.9202568531036377,https,3272,66039,4,1,1,1,5,7,0,1,1,TCP
0.9202718734741211,https,3326,66039,4,1,1,1,5,5,0,1,1,TCP
0.9204118251800537,https,3326,67553,4,1,1,1,5,7,0,1,1,TCP
0.9204168319702148,https,3326,69067,4,1,1,1,5,7,0,1,1,TCP
0.9204208850860596,https,3380,69067,4,1,1,1,5,5,0,1,1,TCP
0.9205079078674316,https,3380,70581,4,1,1,1,5,7,0,1,1,TCP
0.9205119609832764,https,3380,72095,4,1,1,1,5,7,0,1,1,TCP
0.9205160140991211,https,3434,72095,4,1,1,1,5,5,0,1,1,TCP
0.9208498001098633,https,3434,73429,4,1,1,1,5,7,0,1,1,TCP
0.9226689338684082,https,3434,74943,4,1,1,1,5,7,0,1,1,TCP
0.9226899147033691,https,3488,74943,4,1,1,1,5,5,0,1,1,TCP
0.9227979183197021,https,3488,76457,4,1,1,1,5,7,0,1,1,TCP
0.9228038787841797,https,3488,79431,4,1,1,1,5,7,0,1,1,TCP
0.9228079319000244,https,3542,79431,4,1,1,1,5,5,0,1,1,TCP
0.9230020046234131,https,3542,80945,4,1,1,1,5,7,0,1,1,TCP
0.9230098724365234,https,3542,82459,4,1,1,1,5,7,0,1,1,TCP
0.9230148792266846,https,3596,82459,4,1,1,1,5,5,0,1,1,TCP
0.9246318340301514,https,3596,83973,4,1,1,1,5,7,0,1,1,TCP
0.9250848293304443,https,3596,86947,4,1,1,1,5,7,0,1,1,TCP
0.925095796585083,https,3650,86947,4,1,1,1,5,5,0,1,1,TCP
0.9266388416290283,https,3650,88461,4,1,1,1,5,7,0,1,1,TCP
0.9266970157623291,https,3650,91435,4,1,1,1,5,7,0,1,1,TCP
0.9267029762268066,https,3704,91435,4,1,1,1,5,5,0,1,1,TCP
0.9267690181732178,https,3704,92949,4,1,1,1,5,7,0,1,1,TCP
0.926771879196167,https,3704,94463,4,1,1,1,5,7,0,1,1,TCP
0.9267768859863281,https,3758,94463,4,1,1,1,5,5,0,1,1,TCP
0.9268410205841064,https,3758,97437,4,1,1,1,5,7,0,1,1,TCP
0.9268460273742676,https,3812,97437,4,1,1,1,5,5,0,1,1,TCP
0.9269328117370605,https,3812,98951,4,1,1,1,5,7,0,1,1,TCP
0.927839994430542,https,3812,100465,4,1,1,1,5,7,0,1,1,TCP
0.9278478622436523,https,3866,100465,4,1,1,1,5,5,0,1,1,TCP
0.9290728569030762,https,3866,101979,4,1,1,1,5,7,0,1,1,TCP
0.929365873336792,https,3866,104953,4,1,1,1,5,7,0,1,1,TCP
0.9293749332427979,https,3920,104953,4,1,1,1,5,5,0,1,1,TCP
0.9310967922210693,https,3920,105774,4,1,1,1,5,7,0,1,1,TCP
0.9313929080963135,https,4013,105774,4,1,1,1,5,5,0,1,1,TCP
1.0645558834075928,https,4013,105834,4,1,1,1,5,7,0,1,1,TCP
1.8009748458862305,dns,1235,3526,0,0,0,0,1,1,1,0,0,UDP
1.8010709285736084,dns,1310,3526,0,0,0,0,1,1,1,0,0,UDP
1.8319189548492432,dns,1310,3632,0,0,0,0,1,1,0,0,0,UDP
1.8319849967956543,dns,1310,3750,0,0,0,0,1,1,0,0,0,UDP
1.2191648483276367,https,4151,105834,4,1,1,1,5,5,0,1,1,TCP
1.2394039630889893,https,4240,105834,4,1,1,1,5,5,0,1,1,TCP
1.2399399280548096,https,4240,105894,4,1,1,1,5,7,0,1,1,TCP
1.2464139461517334,https,4240,107408,4,1,1,1,5,7,0,1,1,TCP
1.2943120002746582,https,4294,107408,4,1,1,1,5,5,0,1,1,TCP
1.2948508262634277,https,4294,107760,4,1,1,1,5,7,0,1,1,TCP
1.294867992401123,https,4348,107760,4,1,1,1,5,5,0,1,1,TCP
1.2955479621887207,https,4441,107760,4,1,1,1,5,5,0,1,1,TCP
1.3104679584503174,https,4588,107760,4,1,1,1,5,5,0,1,1,TCP
1.3109688758850098,https,4588,107820,4,1,1,1,5,7,0,1,1,TCP
1.315579891204834,https,4677,107820,4,1,1,1,5,5,0,1,1,TCP
1.4674608707427979,https,4909,107820,4,1,1,1,5,5,0,1,1,TCP
1.468357801437378,https,4909,107880,4,1,1,1,5,7,0,1,1,TCP
1.4687669277191162,https,4994,107880,4,1,1,1,5,5,0,1,1,TCP
1.5119190216064453,https,4994,108078,4,1,1,1,5,7,0,1,1,TCP
1.5533809661865234,https,5345,108078,4,1,1,1,5,5,0,1,1,TCP
1.5538380146026611,https,5345,108215,4,1,1,1,5,7,0,1,1,TCP
1.5555260181427002,https,5438,108215,4,1,1,1,5,5,0,1,1,TCP
1.5671069622039795,https,5438,108275,4,1,1,1,5,7,0,1,1,TCP
1.5852019786834717,https,5438,111249,4,1,1,1,5,7,0,1,1,TCP
1.585291862487793,https,5492,111249,4,1,1,1,5,5,0,1,1,TCP
1.5853948593139648,https,5492,114223,4,1,1,1,5,7,0,1,1,TCP
1.5854029655456543,https,5546,114223,4,1,1,1,5,5,0,1,1,TCP
1.585495948791504,https,5546,115737,4,1,1,1,5,7,0,1,1,TCP
1.587453842163086,https,5546,117251,4,1,1,1,5,7,0,1,1,TCP
1.5874748229980469,https,5600,117251,4,1,1,1,5,5,0,1,1,TCP
1.5875577926635742,https,5600,118765,4,1,1,1,5,7,0,1,1,TCP
1.5875639915466309,https,5600,121739,4,1,1,1,5,7,0,1,1,TCP
1.587568998336792,https,5654,121739,4,1,1,1,5,5,0,1,1,TCP
1.5886318683624268,https,5654,123106,4,1,1,1,5,7,0,1,1,TCP
1.5886399745941162,https,5654,124620,4,1,1,1,5,7,0,1,1,TCP
1.588644027709961,https,5708,124620,4,1,1,1,5,5,0,1,1,TCP
1.5889079570770264,https,5708,127594,4,1,1,1,5,7,0,1,1,TCP
1.5889170169830322,https,5762,127594,4,1,1,1,5,5,0,1,1,TCP
1.5891900062561035,https,5762,129108,4,1,1,1,5,7,0,1,1,TCP
1.5911309719085693,https,5762,130622,4,1,1,1,5,7,0,1,1,TCP
1.5911469459533691,https,5816,130622,4,1,1,1,5,5,0,1,1,TCP
1.5912399291992188,https,5816,133596,4,1,1,1,5,7,0,1,1,TCP
1.5912449359893799,https,5870,133596,4,1,1,1,5,5,0,1,1,TCP
1.591538906097412,https,5870,138030,4,1,1,1,5,7,0,1,1,TCP
1.591552972793579,https,5924,138030,4,1,1,1,5,5,0,1,1,TCP
1.592296838760376,https,5924,139544,4,1,1,1,5,7,0,1,1,TCP
1.5925498008728027,https,5924,142518,4,1,1,1,5,7,0,1,1,TCP
1.5925610065460205,https,5978,142518,4,1,1,1,5,5,0,1,1,TCP
1.5934829711914062,https,5978,143612,4,1,1,1,5,7,0,1,1,TCP
1.5937249660491943,https,5978,145126,4,1,1,1,5,7,0,1,1,TCP
1.5937368869781494,https,6032,145126,4,1,1,1,5,5,0,1,1,TCP
1.5957698822021484,https,6032,146580,4,1,1,1,5,7,0,1,1,TCP
1.5957889556884766,https,6032,153934,4,1,1,1,5,7,0,1,1,TCP
1.595796823501587,https,6086,153934,4,1,1,1,5,5,0,1,1,TCP
1.5958678722381592,https,6086,159828,4,1,1,1,5,7,0,1,1,TCP
1.5958728790283203,https,6140,159828,4,1,1,1,5,5,0,1,1,TCP
1.5959348678588867,https,6140,161342,4,1,1,1,5,7,0,1,1,TCP
1.595937967300415,https,6140,162856,4,1,1,1,5,7,0,1,1,TCP
1.5959408283233643,https,6194,162856,4,1,1,1,5,5,0,1,1,TCP
1.59629487991333,https,6194,164370,4,1,1,1,5,7,0,1,1,TCP
1.5973668098449707,https,6194,165884,4,1,1,1,5,7,0,1,1,TCP
1.5973918437957764,https,6248,165884,4,1,1,1,5,5,0,1,1,TCP
1.597484827041626,https,6248,167398,4,1,1,1,5,7,0,1,1,TCP
1.5974888801574707,https,6248,168912,4,1,1,1,5,7,0,1,1,TCP
1.5974929332733154,https,6302,168912,4,1,1,1,5,5,0,1,1,TCP
1.597579002380371,https,6302,170426,4,1,1,1,5,7,0,1,1,TCP
1.598351001739502,https,6302,171940,4,1,1,1,5,7,0,1,1,TCP
1.5983598232269287,https,6356,171940,4,1,1,1,5,5,0,1,1,TCP
1.5995140075683594,https,6356,173454,4,1,1,1,5,7,0,1,1,TCP
1.6114528179168701,https,6356,174968,4,1,1,1,5,7,0,1,1,TCP
1.6114819049835205,https,6410,174968,4,1,1,1,5,5,0,1,1,TCP
1.611853837966919,https,6410,176482,4,1,1,1,5,7,0,1,1,TCP
1.6142878532409668,https,6410,177996,4,1,1,1,5,7,0,1,1,TCP
1.6143147945404053,https,6464,177996,4,1,1,1,5,5,0,1,1,TCP
1.6143889427185059,https,6464,183890,4,1,1,1,5,7,0,1,1,TCP
1.6143958568572998,https,6518,183890,4,1,1,1,5,5,0,1,1,TCP
1.6152949333190918,https,6518,185404,4,1,1,1,5,7,0,1,1,TCP
1.6163198947906494,https,6518,186918,4,1,1,1,5,7,0,1,1,TCP
1.6163499355316162,https,6572,186918,4,1,1,1,5,5,0,1,1,TCP
1.6164188385009766,https,6572,189892,4,1,1,1,5,7,0,1,1,TCP
1.616424798965454,https,6626,189892,4,1,1,1,5,5,0,1,1,TCP
1.616487979888916,https,6626,192866,4,1,1,1,5,7,0,1,1,TCP
1.6164917945861816,https,6680,192866,4,1,1,1,5,5,0,1,1,TCP
1.6180179119110107,https,6680,194380,4,1,1,1,5,7,0,1,1,TCP
1.6180689334869385,https,6680,195894,4,1,1,1,5,7,0,1,1,TCP
1.618074893951416,https,6734,195894,4,1,1,1,5,5,0,1,1,TCP
1.6183018684387207,https,6734,197408,4,1,1,1,5,7,0,1,1,TCP
1.6183078289031982,https,6734,198922,4,1,1,1,5,7,0,1,1,TCP
1.618311882019043,https,6788,198922,4,1,1,1,5,5,0,1,1,TCP
1.6198248863220215,https,6788,199356,4,1,1,1,5,7,0,1,1,TCP
1.6211738586425781,https,6788,200870,4,1,1,1,5,7,0,1,1,TCP
1.6211869716644287,https,6842,200870,4,1,1,1,5,5,0,1,1,TCP
1.6215169429779053,https,6842,202384,4,1,1,1,5,7,0,1,1,TCP
1.6229398250579834,https,6842,203898,4,1,1,1,5,7,0,1,1,TCP
1.6231608390808105,https,6896,203898,4,1,1,1,5,5,0,1,1,TCP
1.623283863067627,https,6896,205412,4,1,1,1,5,7,0,1,1,TCP
1.623291015625,https,6896,206926,4,1,1,1,5,7,0,1,1,TCP
1.6232948303222656,https,6950,206926,4,1,1,1,5,5,0,1,1,TCP
1.623499870300293,https,6950,208440,4,1,1,1,5,7,0,1,1,TCP
1.6235079765319824,https,6950,211414,4,1,1,1,5,7,0,1,1,TCP
1.6235129833221436,https,7004,211414,4,1,1,1,5,5,0,1,1,TCP
1.6236000061035156,https,7004,212928,4,1,1,1,5,7,0,1,1,TCP
1.6248128414154053,https,7004,214442,4,1,1,1,5,7,0,1,1,TCP
1.624837875366211,https,7058,214442,4,1,1,1,5,5,0,1,1,TCP
1.6249988079071045,https,7058,217416,4,1,1,1,5,7,0,1,1,TCP
1.6250038146972656,https,7112,217416,4,1,1,1,5,5,0,1,1,TCP
1.6253209114074707,https,7112,220390,4,1,1,1,5,7,0,1,1,TCP
1.6253769397735596,https,7112,223364,4,1,1,1,5,7,0,1,1,TCP
1.62538480758667,https,7166,223364,4,1,1,1,5,5,0,1,1,TCP
1.6256258487701416,https,7220,223364,4,1,1,1,5,5,0,1,1,TCP
1.6257219314575195,https,7220,224878,4,1,1,1,5,7,0,1,1,TCP
1.6269328594207764,https,7220,226392,4,1,1,1,5,7,0,1,1,TCP
1.626945972442627,https,7274,226392,4,1,1,1,5,5,0,1,1,TCP
1.6278588771820068,https,7274,227906,4,1,1,1,5,7,0,1,1,TCP
1.6295349597930908,https,7274,229420,4,1,1,1,5,7,0,1,1,TCP
1.6295568943023682,https,7328,229420,4,1,1,1,5,5,0,1,1,TCP
1.6299638748168945,https,7328,241154,4,1,1,1,5,7,0,1,1,TCP
1.6299738883972168,https,7382,241154,4,1,1,1,5,5,0,1,1,TCP
1.6306288242340088,https,7382,241798,4,1,1,1,5,7,0,1,1,TCP
1.6374177932739258,https,7382,243312,4,1,1,1,5,7,0,1,1,TCP
1.6374390125274658,https,7436,243312,4,1,1,1,5,5,0,1,1,TCP
1.6375880241394043,https,7436,246286,4,1,1,1,5,7,0,1,1,TCP
1.6375958919525146,https,7490,246286,4,1,1,1,5,5,0,1,1,TCP
1.6391630172729492,https,7490,246786,4,1,1,1,5,7,0,1,1,TCP
1.639171838760376,https,7490,248300,4,1,1,1,5,7,0,1,1,TCP
1.639176845550537,https,7544,248300,4,1,1,1,5,5,0,1,1,TCP
1.6392569541931152,https,7544,251274,4,1,1,1,5,7,0,1,1,TCP
1.6392629146575928,https,7598,251274,4,1,1,1,5,5,0,1,1,TCP
1.6393518447875977,https,7598,254248,4,1,1,1,5,7,0,1,1,TCP
1.6393558979034424,https,7652,254248,4,1,1,1,5,5,0,1,1,TCP
1.6403119564056396,https,7652,254769,4,1,1,1,5,7,0,1,1,TCP
1.6405928134918213,https,7745,254769,4,1,1,1,5,5,0,1,1,TCP
0,https,74,0,0,0,0,0,1,1,1,0,0,TCP
0.028057098388671875,https,74,60,0,0,0,0,1,8,0,0,0,TCP
0.028094053268432617,https,128,60,0,0,0,0,1,1,1,0,0,TCP
0.031481027603149414,https,699,60,0,0,0,1,1,1,1,1,1,TCP
0.0758371353149414,https,699,1574,0,0,0,1,1,8,0,1,1,TCP
0.07613301277160645,https,753,1574,0,0,0,1,1,1,1,1,1,TCP
0.07729697227478027,https,753,3088,0,0,0,1,1,8,0,1,1,TCP
0.07732319831848145,https,807,3088,0,0,0,1,1,1,1,1,1,TCP
0.07896709442138672,https,807,3709,0,0,0,1,1,8,0,1,1,TCP
0.07899212837219238,https,861,3709,0,0,0,1,1,1,1,1,1,TCP
1.611781120300293,http,1547,1594,0,0,0,1,1,1,1,1,1,TCP
1.6553840637207031,http,1547,1654,0,0,0,1,1,1,0,1,1,TCP
1.8219459056854248,https,7745,254829,4,1,1,1,5,8,0,1,1,TCP
1.6807749271392822,http,1547,2421,0,0,0,1,1,1,0,1,1,TCP
1.6808030605316162,http,1601,2421,0,0,0,1,1,1,1,1,1,TCP
0.18108797073364258,https,979,3709,0,0,0,1,1,1,1,1,1,TCP
0.1818711757659912,https,1203,3709,0,0,0,1,1,1,1,1,1,TCP
0.18199515342712402,https,1544,3709,0,0,0,1,1,1,1,1,1,TCP
0.18280816078186035,https,1544,3769,0,0,0,1,1,8,0,1,1,TCP
0.20558810234069824,https,1544,4325,0,0,0,1,1,8,0,1,1,TCP
0.20568418502807617,https,1598,4325,0,0,0,1,1,1,1,1,1,TCP
0.2089221477508545,https,1598,4441,0,0,0,1,1,8,0,1,1,TCP
0.20894813537597656,https,1652,4441,0,0,0,1,1,1,1,1,1,TCP
0.2091381549835205,https,1737,4441,0,0,0,1,1,1,1,1,1,TCP
0.2326831817626953,https,1737,5955,0,0,0,1,1,8,0,1,1,TCP
0.2331101894378662,https,1737,7469,0,0,0,1,1,8,0,1,1,TCP
0.2331221103668213,https,1791,7469,0,0,0,1,1,1,1,1,1,TCP
0.2344670295715332,https,1791,7756,0,0,0,1,1,8,0,1,1,TCP
0.2358381748199463,https,1791,9270,0,0,0,1,1,8,0,1,1,TCP
0.23585200309753418,https,1845,9270,0,0,0,1,1,1,1,1,1,TCP
0.23593997955322266,https,1845,10784,0,0,0,1,1,8,0,1,1,TCP
0.23762917518615723,https,1845,12298,0,0,0,1,1,8,0,1,1,TCP
0.23764920234680176,https,1899,12298,0,0,0,1,1,1,1,1,1,TCP
0.23778200149536133,https,1899,13812,0,0,0,1,1,8,0,1,1,TCP
0.23938798904418945,https,1899,15326,0,0,0,1,1,8,0,1,1,TCP
0.23940515518188477,https,1953,15326,0,0,0,1,1,1,1,1,1,TCP
0.23949313163757324,https,1953,16840,0,0,0,1,1,8,0,1,1,TCP
0.23949813842773438,https,1953,18354,0,0,0,1,1,8,0,1,1,TCP
0.2395021915435791,https,2007,18354,0,0,0,1,1,1,1,1,1,TCP
0.2395930290222168,https,2007,19868,0,0,0,1,1,8,0,1,1,TCP
0.24120712280273438,https,2007,21382,0,0,0,1,1,8,0,1,1,TCP
0.24122405052185059,https,2061,21382,0,0,0,1,1,1,1,1,1,TCP
0.24167203903198242,https,2061,22896,0,0,0,1,1,8,0,1,1,TCP
0.242326021194458,https,2061,24410,0,0,0,1,1,8,0,1,1,TCP
0.24233698844909668,https,2115,24410,0,0,0,1,1,1,1,1,1,TCP
0.2433300018310547,https,2115,25564,0,0,0,1,1,8,0,1,1,TCP
0.2480640411376953,https,2115,27078,0,0,0,1,1,8,0,1,1,TCP
0.2480921745300293,https,2169,27078,0,0,0,1,1,1,1,1,1,TCP
0.24822998046875,https,2169,28592,0,0,0,1,1,8,0,1,1,TCP
0.2562069892883301,https,2169,30106,0,0,0,1,1,8,0,1,1,TCP
0.25623106956481934,https,2223,30106,0,0,0,1,1,1,1,1,1,TCP
0.25635504722595215,https,2223,31620,0,0,0,1,1,8,0,1,1,TCP
0.25847315788269043,https,2223,33134,0,0,0,1,1,8,0,1,1,TCP
0.2584981918334961,https,2277,33134,0,0,0,1,1,1,1,1,1,TCP
0.25861310958862305,https,2277,34648,0,0,0,1,1,8,0,1,1,TCP
0.2598090171813965,https,2277,36162,0,0,0,1,1,8,0,1,1,TCP
0.2598299980163574,https,2331,36162,0,0,0,1,1,1,1,1,1,TCP
0.2604501247406006,https,2331,37676,0,0,0,1,1,8,0,1,1,TCP
0.2610759735107422,https,2331,39190,0,0,0,1,1,8,0,1,1,TCP
0.2610950469970703,https,2385,39190,0,0,0,1,1,1,1,1,1,TCP
0.26120710372924805,https,2385,40704,0,0,0,1,1,8,0,1,1,TCP
0.26288604736328125,https,2385,42218,0,0,0,1,1,8,0,1,1,TCP
0.26290202140808105,https,2439,42218,0,0,0,1,1,1,1,1,1,TCP
0.26306605339050293,https,2439,43732,0,0,0,1,1,8,0,1,1,TCP
0.26424217224121094,https,2439,45246,0,0,0,1,1,8,0,1,1,TCP
0.2642710208892822,https,2493,45246,0,0,0,1,1,1,1,1,1,TCP
0.2644190788269043,https,2493,46760,0,0,0,1,1,8,0,1,1,TCP
0.2656409740447998,https,2493,48274,0,0,0,1,1,8,0,1,1,TCP
0.2656559944152832,https,2547,48274,0,0,0,1,1,1,1,1,1,TCP
0.26579999923706055,https,2547,49788,0,0,0,1,1,8,0,1,1,TCP
0.2658050060272217,https,2547,51302,0,0,0,1,1,8,0,1,1,TCP
0.26580810546875,https,2601,51302,0,0,0,1,1,1,1,1,1,TCP
0.26665306091308594,https,2601,52276,0,0,0,1,1,8,0,1,1,TCP
0.2683241367340088,https,2601,53790,0,0,0,1,1,8,0,1,1,TCP
0.26836204528808594,https,2655,53790,0,0,0,1,1,1,1,1,1,TCP
0.26844120025634766,https,2655,55304,0,0,0,1,1,8,0,1,1,TCP
0.2684471607208252,https,2655,56818,0,0,0,1,1,8,0,1,1,TCP
0.26845598220825195,https,2709,56818,0,0,0,1,1,1,1,1,1,TCP
0.2695021629333496,https,2709,57645,0,0,0,1,1,8,0,1,1,TCP
0.26981496810913086,https,2802,57645,0,0,0,1,1,1,1,1,1,TCP
2.0689690113067627,https,7952,254829,4,1,1,1,5,5,0,1,1,TCP
2.069885015487671,https,8037,254829,4,1,1,1,5,5,0,1,1,TCP
2.070591926574707,https,8037,254889,4,1,1,1,5,8,0,1,1,TCP
0.4024519920349121,https,2802,57705,0,0,0,1,1,8,0,1,1,TCP
2.1128318309783936,https,8037,255168,4,1,1,1,5,8,0,1,1,TCP
2.1136159896850586,https,8130,255168,4,1,1,1,5,5,0,1,1,TCP
2.2234179973602295,https,8534,255168,4,1,1,1,5,5,0,1,1,TCP
2.223944902420044,https,8534,255228,4,1,1,1,5,8,0,1,1,TCP
2.261093854904175,https,8534,259662,4,1,1,1,5,8,0,1,1,TCP
2.261119842529297,https,8588,259662,4,1,1,1,5,5,0,1,1,TCP
2.26121187210083,https,8588,261176,4,1,1,1,5,8,0,1,1,TCP
2.2612178325653076,https,8588,265610,4,1,1,1,5,8,0,1,1,TCP
2.261223793029785,https,8642,265610,4,1,1,1,5,5,0,1,1,TCP
2.2613179683685303,https,8642,268584,4,1,1,1,5,8,0,1,1,TCP
2.2613229751586914,https,8696,268584,4,1,1,1,5,5,0,1,1,TCP
2.2614150047302246,https,8696,270098,4,1,1,1,5,8,0,1,1,TCP
2.2614188194274902,https,8696,273072,4,1,1,1,5,8,0,1,1,TCP
2.261422872543335,https,8750,273072,4,1,1,1,5,5,0,1,1,TCP
2.2615139484405518,https,8750,277506,4,1,1,1,5,8,0,1,1,TCP
2.2615180015563965,https,8804,277506,4,1,1,1,5,5,0,1,1,TCP
2.2618918418884277,https,8804,281940,4,1,1,1,5,8,0,1,1,TCP
2.261904001235962,https,8858,281940,4,1,1,1,5,5,0,1,1,TCP
2.2619688510894775,https,8858,283454,4,1,1,1,5,8,0,1,1,TCP
2.266251802444458,https,9214,283454,4,1,1,1,5,5,0,1,1,TCP
2.267033815383911,https,9214,284803,4,1,1,1,5,8,0,1,1,TCP
2.267277956008911,https,9299,284803,4,1,1,1,5,5,0,1,1,TCP
2.267426013946533,https,9392,284803,4,1,1,1,5,5,0,1,1,TCP
2.268887996673584,https,9392,284863,4,1,1,1,5,8,0,1,1,TCP
2.3194358348846436,https,9392,285059,4,1,1,1,5,8,0,1,1,TCP
2.3623859882354736,https,9446,285059,4,1,1,1,5,5,0,1,1,TCP
2.364625930786133,https,9446,285179,4,1,1,1,5,8,0,1,1,TCP
2.3646469116210938,https,9500,285179,4,1,1,1,5,5,0,1,1,TCP
0,https,74,0,0,0,0,0,1,1,1,0,0,TCP
0.035347938537597656,https,74,60,0,0,0,0,1,9,0,0,0,TCP
0.035429954528808594,https,128,60,0,0,0,0,1,1,1,0,0,TCP
0.038537025451660156,https,699,60,0,0,0,1,1,1,1,1,1,TCP
0.08716988563537598,https,699,1544,0,0,0,1,1,9,0,1,1,TCP
0.08724594116210938,https,753,1544,0,0,0,1,1,1,1,1,1,TCP
0.08750104904174805,https,753,2965,0,0,0,1,1,9,0,1,1,TCP
0.08751201629638672,https,807,2965,0,0,0,1,1,1,1,1,1,TCP
2.4065239429473877,http,2038,2421,0,0,0,1,1,1,1,1,1,TCP
2.409528970718384,http,2038,2481,0,0,0,1,1,1,0,1,1,TCP
0,https,74,0,0,0,0,0,1,1,1,0,0,TCP
0.027150869369506836,https,74,60,0,0,0,0,1,10,0,0,0,TCP
0.027287960052490234,https,128,60,0,0,0,0,1,1,1,0,0,TCP
0.030774831771850586,https,699,60,0,0,0,1,1,1,1,1,1,TCP
2.4768640995025635,http,2038,3248,0,0,0,1,1,1,0,1,1,TCP
2.4768900871276855,http,2092,3248,0,0,0,1,1,1,1,1,1,TCP
0.1749129295349121,https,925,2965,0,0,0,1,1,1,1,1,1,TCP
0.1754169464111328,https,1149,2965,0,0,0,1,1,1,1,1,1,TCP
0.1758730411529541,https,1149,3025,0,0,0,1,1,10,0,1,1,TCP
0.07350802421569824,https,699,3034,0,0,0,1,1,10,0,1,1,TCP
0.07372403144836426,https,753,3034,0,0,0,1,1,1,1,1,1,TCP
0.0748898983001709,https,753,3656,0,0,0,1,1,10,0,1,1,TCP
0.07490396499633789,https,807,3656,0,0,0,1,1,1,1,1,1,TCP
0.19852995872497559,https,1149,3581,0,0,0,1,1,10,0,1,1,TCP
0.1985480785369873,https,1203,3581,0,0,0,1,1,1,1,1,1,TCP
0.19945693016052246,https,1203,3697,0,0,0,1,1,10,0,1,1,TCP
0.19946694374084473,https,1257,3697,0,0,0,1,1,1,1,1,1,TCP
0.19984197616577148,https,1342,3697,0,0,0,1,1,1,1,1,1,TCP
0.08678698539733887,https,925,3656,0,0,0,1,1,1,1,1,1,TCP
0.08751583099365234,https,1149,3656,0,0,0,1,1,1,1,1,1,TCP
0.08762288093566895,https,1649,3656,0,0,0,1,1,1,1,1,1,TCP
0.08800482749938965,https,1649,3716,0,0,0,1,1,10,0,1,1,TCP
0.22284388542175293,https,1342,3782,0,0,0,1,1,10,0,1,1,TCP
0.11293888092041016,https,1649,4334,0,0,0,1,1,10,0,1,1,TCP
0.11358094215393066,https,1734,4334,0,0,0,1,1,1,1,1,1,TCP
0.13361787796020508,https,1734,4419,0,0,0,1,1,10,0,1,1,TCP
0.2658209800720215,https,1396,3782,0,0,0,1,1,1,1,1,1,TCP
0.18140792846679688,https,1788,4419,0,0,0,1,1,1,1,1,1,TCP
0.18345284461975098,https,1788,5000,0,0,0,1,1,10,0,1,1,TCP
0.1834709644317627,https,1842,5000,0,0,0,1,1,1,1,1,1,TCP
0.18416285514831543,https,1935,5000,0,0,0,1,1,1,1,1,1,TCP
3.5001299381256104,dns,1397,3750,0,0,0,0,1,1,1,0,0,UDP
3.5007379055023193,dns,1484,3750,0,0,0,0,1,1,1,0,0,UDP
0.23607182502746582,https,1935,5060,0,0,0,1,1,10,0,1,1,TCP
3.526505947113037,dns,1484,3946,0,0,0,0,1,1,0,0,0,UDP
3.529620885848999,dns,1484,4154,0,0,0,0,1,1,0,0,0,UDP
0,https,74,0,1,2,1,0,2,2,0,0,0,TCP
0.0261380672454834,https,74,60,1,2,1,0,2,11,0,0,0,TCP
0.026220083236694336,https,128,60,1,2,1,0,2,2,0,0,0,TCP
0.027891159057617188,https,699,60,1,2,2,1,2,2,0,1,1,TCP
0.07112002372741699,https,699,1544,1,2,2,1,2,11,0,1,1,TCP
0.07119297981262207,https,753,1544,1,2,2,1,2,2,0,1,1,TCP
0.07198715209960938,https,753,2780,1,2,2,1,2,11,0,1,1,TCP
0.07199597358703613,https,807,2780,1,2,2,1,2,2,0,1,1,TCP
2.747486114501953,http,2529,3248,0,0,0,1,1,1,1,1,1,TCP
2.810662031173706,http,2529,4015,0,0,0,1,1,1,0,1,1,TCP
2.810739040374756,http,2583,4015,0,0,0,1,1,1,1,1,1,TCP
0.14241409301757812,https,925,2780,1,2,2,1,2,2,0,1,1,TCP
0.14301609992980957,https,1149,2780,1,2,2,1,2,2,0,1,1,TCP
0.14312195777893066,https,1548,2780,1,2,2,1,2,2,0,1,1,TCP
0.143524169921875,https,1548,2840,1,2,2,1,2,11,0,1,1,TCP
0.17246794700622559,https,1548,3396,1,2,2,1,2,11,0,1,1,TCP
0.17254114151000977,https,1602,3396,1,2,2,1,2,2,0,1,1,TCP
0.17361903190612793,https,1602,3512,1,2,2,1,2,11,0,1,1,TCP
0.1736299991607666,https,1656,3512,1,2,2,1,2,2,0,1,1,TCP
0.17400598526000977,https,1741,3512,1,2,2,1,2,2,0,1,1,TCP
0.19775104522705078,https,1741,3597,1,2,2,1,2,11,0,1,1,TCP
0.24134302139282227,https,1795,3597,1,2,2,1,2,2,0,1,1,TCP
0.24179410934448242,https,1795,4198,1,2,2,1,2,11,0,1,1,TCP
0.24181294441223145,https,1849,4198,1,2,2,1,2,2,0,1,1,TCP
0.2425839900970459,https,1942,4198,1,2,2,1,2,2,0,1,1,TCP
0.24567198753356934,https,1942,4258,1,2,2,1,2,11,0,1,1,TCP
0.4935429096221924,https,2188,5060,1,2,2,1,2,2,0,1,1,TCP
0.5493168830871582,https,2188,5448,1,2,2,1,2,11,0,1,1,TCP
0.5979108810424805,https,2242,5448,1,2,2,1,2,2,0,1,1,TCP
0.6005449295043945,https,2242,5572,1,2,2,1,2,11,0,1,1,TCP
0.600571870803833,https,2296,5572,1,2,2,1,2,2,0,1,1,TCP
0.6022119522094727,https,2389,5572,1,2,2,1,2,2,0,1,1,TCP
0.3730909824371338,https,2163,4258,1,2,2,1,2,2,0,1,1,TCP
0.41655516624450684,https,2163,4427,1,2,2,1,2,11,0,1,1,TCP
0.45770907402038574,https,2217,4427,1,2,2,1,2,2,0,1,1,TCP
0.45838403701782227,https,2217,4520,1,2,2,1,2,11,0,1,1,TCP
0.46094703674316406,https,2271,4520,1,2,2,1,2,2,0,1,1,TCP
0.46129703521728516,https,2364,4520,1,2,2,1,2,2,0,1,1,TCP
0.49951910972595215,https,2364,4580,1,2,2,1,2,11,0,1,1,TCP
0.7435488700866699,https,2389,5632,1,2,2,1,2,11,0,1,1,TCP
10.28714394569397,https,2402,3656,0,0,0,1,1,1,1,1,1,TCP
10.287904024124146,https,2402,3716,0,0,0,1,1,11,0,1,1,TCP
12.832084894180298,http,2637,4015,0,0,0,1,1,1,1,1,1,TCP
12.83278489112854,http,2637,4075,0,0,0,1,1,1,0,1,1,TCP
0,dns,74,0,0,0,0,0,1,1,1,0,0,UDP
0.01784491539001465,dns,148,0,0,0,0,0,1,1,1,0,0,UDP
0.015605926513671875,dns,222,0,0,0,0,0,1,1,1,0,0,UDP
0.02846693992614746,dns,222,104,0,0,0,0,1,1,0,0,0,UDP
0.028532028198242188,dns,222,220,0,0,0,0,1,1,0,0,0,UDP
0.04513096809387207,dns,222,324,0,0,0,0,1,1,0,0,0,UDP
0,https,74,0,0,0,0,0,1,1,1,0,0,TCP
0.02796196937561035,https,74,60,0,0,0,0,1,1,0,0,0,TCP
0.028007030487060547,https,128,60,0,0,0,0,1,1,1,0,0,TCP
0.03305697441101074,https,812,60,0,0,0,1,1,1,1,1,1,TCP
0.057386159896850586,https,812,326,0,0,0,1,1,1,0,1,1,TCP
0.05748414993286133,https,866,326,0,0,0,1,1,1,1,1,1,TCP
0.06225013732910156,https,984,326,0,0,0,1,1,1,1,1,1,TCP
0.06498599052429199,https,1208,326,0,0,0,1,1,1,1,1,1,TCP
0.06522297859191895,https,1759,326,0,0,0,1,1,1,1,1,1,TCP
0.06545710563659668,https,1759,386,0,0,0,1,1,1,0,1,1,TCP
0.0656731128692627,https,1844,386,0,0,0,1,1,1,1,1,1,TCP
0.06627917289733887,https,1844,446,0,0,0,1,1,1,0,1,1,TCP
0.08861708641052246,https,1844,1002,0,0,0,1,1,1,0,1,1,TCP
0.13489317893981934,https,1898,1002,0,0,0,1,1,1,1,1,1,TCP
0.13530516624450684,https,1898,1479,0,0,0,1,1,1,0,1,1,TCP
0.13531708717346191,https,1952,1479,0,0,0,1,1,1,1,1,1,TCP
0.13579297065734863,https,2037,1479,0,0,0,1,1,1,1,1,1,TCP
0.13652396202087402,https,2130,1479,0,0,0,1,1,1,1,1,1,TCP
0.14719319343566895,https,2130,1539,0,0,0,1,1,1,0,1,1,TCP
0,dns,74,0,0,0,0,0,1,1,1,0,0,UDP
0.00013303756713867188,dns,148,0,0,0,0,0,1,1,1,0,0,UDP
0.008563995361328125,dns,222,0,0,0,0,0,1,1,1,0,0,UDP
0.040270090103149414,dns,222,104,0,0,0,0,1,1,0,0,0,UDP
0.04034018516540527,dns,222,220,0,0,0,0,1,1,0,0,0,UDP
0.04034304618835449,dns,222,324,0,0,0,0,1,1,0,0,0,UDP
0,https,74,0,0,0,0,0,1,1,1,0,0,TCP
0.0294950008392334,https,74,60,0,0,0,0,1,1,0,0,0,TCP
0.030191898345947266,https,128,60,0,0,0,0,1,1,1,0,0,TCP
0.03212404251098633,https,699,60,0,0,0,1,1,1,1,1,1,TCP
0.07347893714904785,https,699,1544,0,0,0,1,1,1,0,1,1,TCP
0.07355308532714844,https,753,1544,0,0,0,1,1,1,1,1,1,TCP
0.07492208480834961,https,753,2570,0,0,0,1,1,1,0,1,1,TCP
0.07495403289794922,https,807,2570,0,0,0,1,1,1,1,1,1,TCP
0.08609795570373535,https,925,2570,0,0,0,1,1,1,1,1,1,TCP
0.0871739387512207,https,1149,2570,0,0,0,1,1,1,1,1,1,TCP
0.08772587776184082,https,1701,2570,0,0,0,1,1,1,1,1,1,TCP
0.08801698684692383,https,1701,2630,0,0,0,1,1,1,0,1,1,TCP
0.08811092376708984,https,1786,2630,0,0,0,1,1,1,1,1,1,TCP
0.08919501304626465,https,1786,2690,0,0,0,1,1,1,0,1,1,TCP
0.1115560531616211,https,1786,3246,0,0,0,1,1,1,0,1,1,TCP
0.15580105781555176,https,1840,3246,0,0,0,1,1,1,1,1,1,TCP
0.1566629409790039,https,1840,3723,0,0,0,1,1,1,0,1,1,TCP
0.1566789150238037,https,1894,3723,0,0,0,1,1,1,1,1,1,TCP
0.15742993354797363,https,1979,3723,0,0,0,1,1,1,1,1,1,TCP
0.15774798393249512,https,2072,3723,0,0,0,1,1,1,1,1,1,TCP
0.15820002555847168,https,2072,3783,0,0,0,1,1,1,0,1,1,TCP
0,dns,74,0,0,0,0,0,1,1,1,0,0,UDP
0.04254508018493652,dns,148,0,0,0,0,0,1,1,1,0,0,UDP
0.04836893081665039,dns,222,0,0,0,0,0,1,1,1,0,0,UDP
0.013427972793579102,dns,222,104,0,0,0,0,1,1,0,0,0,UDP
0.013490915298461914,dns,222,220,0,0,0,0,1,1,0,0,0,UDP
0.018545866012573242,dns,222,324,0,0,0,0,1,1,0,0,0,UDP
0,https,74,0,0,0,0,0,1,1,1,0,0,TCP
0.027189970016479492,https,74,60,0,0,0,0,1,1,0,0,0,TCP
0.027269840240478516,https,128,60,0,0,0,0,1,1,1,0,0,TCP
0.03134584426879883,https,812,60,0,0,0,1,1,1,1,1,1,TCP
0.05851578712463379,https,812,326,0,0,0,1,1,1,0,1,1,TCP
0.058595895767211914,https,866,326,0,0,0,1,1,1,1,1,1,TCP
0.05974698066711426,https,984,326,0,0,0,1,1,1,1,1,1,TCP
0.0617828369140625,https,1208,326,0,0,0,1,1,1,1,1,1,TCP
0.06189584732055664,https,1761,326,0,0,0,1,1,1,1,1,1,TCP
0.06233787536621094,https,1761,386,0,0,0,1,1,1,0,1,1,TCP
0.06251788139343262,https,1846,386,0,0,0,1,1,1,1,1,1,TCP
0.06342887878417969,https,1846,446,0,0,0,1,1,1,0,1,1,TCP
0.08429479598999023,https,1846,1002,0,0,0,1,1,1,0,1,1,TCP
0.12810397148132324,https,1900,1002,0,0,0,1,1,1,1,1,1,TCP
0.1288769245147705,https,1900,1149,0,0,0,1,1,1,0,1,1,TCP
0.1288928985595703,https,1954,1149,0,0,0,1,1,1,1,1,1,TCP
0.12926197052001953,https,2039,1149,0,0,0,1,1,1,1,1,1,TCP
0.12968683242797852,https,2039,1532,0,0,0,1,1,1,0,1,1,TCP
0.13010287284851074,https,2132,1532,0,0,0,1,1,1,1,1,1,TCP
0.1307079792022705,https,2132,1592,0,0,0,1,1,1,0,1,1,TCP
0,dns,74,0,0,0,0,0,1,1,1,0,0,UDP
0.008050918579101562,dns,148,0,0,0,0,0,1,1,1,0,0,UDP
0,https,221,0,0,0,0,0,1,1,1,0,0,TCP
0.0007050037384033203,https,306,0,0,0,0,0,1,1,1,0,0,TCP
0.013679981231689453,https,306,60,0,0,0,0,1,1,0,0,0,TCP
0.030217885971069336,dns,148,104,0,0,0,0,1,1,0,0,0,UDP
0.030298948287963867,dns,148,220,0,0,0,0,1,1,0,0,0,UDP
0.04474806785583496,https,306,256,0,0,0,1,1,1,0,1,1,TCP
0.04490208625793457,https,360,256,0,0,0,1,1,1,1,1,1,TCP
0.04595804214477539,https,360,393,0,0,0,1,1,1,0,1,1,TCP
0.04597902297973633,https,414,393,0,0,0,1,1,1,1,1,1,TCP
0.0462031364440918,https,507,393,0,0,0,1,1,1,1,1,1,TCP
0.2256929874420166,https,507,453,0,0,0,1,1,1,0,1,1,TCP
0,dns,74,0,0,0,0,0,1,1,1,0,0,UDP
0,other,204,0,0,0,0,0,1,1,1,0,0,TCP
0.035344839096069336,dns,148,0,0,0,0,0,1,1,1,0,0,UDP
0.02837681770324707,other,289,0,0,0,0,0,1,1,1,0,0,TCP
0.03862285614013672,other,289,60,0,0,0,0,1,1,0,0,0,TCP
0.019838809967041016,dns,148,104,0,0,0,0,1,1,0,0,0,UDP
0.022450923919677734,dns,148,220,0,0,0,0,1,1,0,0,0,UDP
0.028816938400268555,other,289,256,0,0,0,1,1,1,0,1,1,TCP
0.02884197235107422,other,343,256,0,0,0,1,1,1,1,1,1,TCP
0.030388832092285156,other,343,393,0,0,0,1,1,1,0,1,1,TCP
0.03040480613708496,other,397,393,0,0,0,1,1,1,1,1,1,TCP
0.030852794647216797,other,490,393,0,0,0,1,1,1,1,1,1,TCP
0.1513819694519043,other,490,453,0,0,0,1,1,1,0,1,1,TCP
0,other,54,0,0,0,0,0,1,1,1,0,0,TCP
0.0006690025329589844,other,54,60,0,0,0,0,1,2,0,0,0,TCP
9.337839126586914,other,54,145,0,0,0,0,1,2,0,0,0,TCP
9.337913036346436,other,108,145,0,0,0,1,1,1,1,1,1,TCP
9.338293075561523,other,193,145,0,0,0,1,1,1,1,1,1,TCP
9.338529109954834,other,247,145,0,0,0,1,1,1,1,1,1,TCP
9.338881015777588,other,247,205,0,0,0,1,1,2,0,1,1,TCP
9.384072065353394,other,247,265,0,0,0,1,1,2,0,1,1,TCP
9.384448051452637,other,301,265,0,0,0,1,1,1,1,1,1,TCP
0,other,342,0,0,0,0,0,1,1,1,0,0,UDP
0,other,590,0,0,0,0,0,1,1,1,0,0,UDP
0,other,93,0,0,0,0,0,1,1,1,0,0,TCP
0.0241701602935791,other,93,93,0,0,0,0,1,3,0,0,0,TCP
0.06659102439880371,other,147,93,0,0,0,0,1,1,1,0,0,TCP
0,other,204,0,0,0,0,0,1,1,1,0,0,tcp
0.007177114486694336,other,289,0,0,0,0,0,1,1,1,0,0,tcp
0.010092020034790039,other,289,60,0,0,0,0,1,1,0,0,0,tcp
0.0431370735168457,other,289,255,0,0,0,1,1,1,0,1,1,tcp
0.0886690616607666,other,343,255,0,0,0,1,1,1,1,1,1,tcp
0.09018206596374512,other,343,392,0,0,0,1,1,1,0,1,1,tcp
0.0902101993560791,other,397,392,0,0,0,1,1,1,1,1,1,tcp
0.09151315689086914,other,490,392,0,0,0,1,1,1,1,1,1,tcp
0.29427003860473633,other,490,452,0,0,0,1,1,1,0,1,1,tcp
0,dns,74,0,0,0,0,0,1,1,1,0,0,udp
0.014456987380981445,dns,148,0,0,0,0,0,1,1,1,0,0,udp
0,other,204,0,0,0,0,0,1,1,1,0,0,tcp
0.0020279884338378906,other,289,0,0,0,0,0,1,1,1,0,0,tcp
-0.01471400260925293,other,289,60,0,0,0,0,1,1,0,0,0,tcp
0.03549790382385254,dns,148,104,0,0,0,0,1,1,0,0,0,udp
0.03601193428039551,dns,148,220,0,0,0,0,1,1,0,0,0,udp
0.03618907928466797,other,289,339,0,0,0,1,1,1,0,1,1,tcp
0.036216020584106445,other,343,339,0,0,0,1,1,1,1,1,1,tcp
0.036971092224121094,other,436,339,0,0,0,1,1,1,1,1,1,tcp
0.05617499351501465,other,436,399,0,0,0,1,1,1,0,1,1,tcp
0,other,204,0,0,0,0,0,1,1,1,0,0,tcp
0.01076197624206543,other,289,0,0,0,0,0,1,1,1,0,0,tcp
0.015386104583740234,other,289,60,0,0,0,0,1,1,0,0,0,tcp
0.03867506980895996,other,289,256,0,0,0,1,1,1,0,1,1,tcp
0.08015108108520508,other,343,256,0,0,0,1,1,1,1,1,1,tcp
0.08080911636352539,other,343,393,0,0,0,1,1,1,0,1,1,tcp
0.08082413673400879,other,397,393,0,0,0,1,1,1,1,1,1,tcp
0.08133697509765625,other,490,393,0,0,0,1,1,1,1,1,1,tcp
0.3136780261993408,other,490,453,0,0,0,1,1,1,0,1,1,tcp
0,other,85,0,0,0,0,0,1,1,1,0,0,tcp
0.0005152225494384766,other,85,89,0,0,0,0,1,1,0,0,0,tcp
0.0034542083740234375,other,145,89,0,0,0,0,1,1,1,0,0,tcp
58.099730014801025,other,583,453,0,0,0,1,1,1,1,1,1,tcp
58.12539196014404,other,583,546,0,0,0,1,1,1,0,1,1,tcp
58.16777300834656,other,637,546,0,0,0,1,1,1,1,1,1,tcp
0,other,204,0,0,0,0,0,1,1,1,0,0,tcp
0,dns,74,0,0,0,0,0,1,1,1,0,0,udp
0.02640390396118164,dns,148,0,0,0,0,0,1,1,1,0,0,udp
0.06962108612060547,other,289,0,0,0,0,0,1,1,1,0,0,tcp
0.08628416061401367,other,289,60,0,0,0,0,1,1,0,0,0,tcp
0.02062392234802246,dns,148,116,0,0,0,0,1,1,0,0,0,udp
0.020687103271484375,dns,148,220,0,0,0,0,1,1,0,0,0,udp
0.042730093002319336,other,289,256,0,0,0,1,1,1,0,1,1,tcp
0.042755126953125,other,343,256,0,0,0,1,1,1,1,1,1,tcp
0.043914079666137695,other,343,393,0,0,0,1,1,1,0,1,1,tcp
0.04392719268798828,other,397,393,0,0,0,1,1,1,1,1,1,tcp
0.05016207695007324,other,490,393,0,0,0,1,1,1,1,1,1,tcp
0.19526100158691406,other,490,453,0,0,0,1,1,1,0,1,1,tcp
0,other,93,0,0,0,0,0,1,1,1,0,0,tcp
0.00940084457397461,other,171,0,0,0,0,0,1,1,1,0,0,tcp
0.01175999641418457,other,225,0,0,0,0,0,1,1,1,0,0,tcp
0.015635013580322266,other,225,60,0,0,0,1,1,1,0,1,1,tcp
0.018301963806152344,other,225,120,0,0,0,1,1,1,0,1,1,tcp
0.022085905075073242,other,225,180,0,0,0,1,1,1,0,1,1,tcp
0.022334814071655273,other,279,180,0,0,0,1,1,1,1,1,1,tcp
0,other,85,0,0,0,0,0,1,1,1,0,0,tcp
0.00045800209045410156,other,85,89,0,0,0,0,1,1,0,0,0,tcp
0.03913998603820801,other,145,89,0,0,0,0,1,1,1,0,0,tcp
0,dns,74,0,0,0,0,0,1,1,1,0,0,udp
0.020457029342651367,dns,74,104,0,0,0,0,1,1,0,0,0,udp
0,other,74,0,0,0,0,0,1,1,1,0,0,tcp
0.03854012489318848,dns,149,104,0,0,0,0,1,1,1,0,0,udp
0.03866100311279297,dns,224,104,0,0,0,0,1,1,1,0,0,udp
0.025131940841674805,other,74,60,0,0,0,0,1,1,0,0,0,tcp
0.025168895721435547,other,128,60,0,0,0,0,1,1,1,0,0,tcp
0.03125882148742676,other,812,60,0,0,0,1,1,1,1,1,1,tcp
0.05704903602600098,dns,299,104,0,0,0,0,1,1,1,0,0,udp
0.06592106819152832,dns,299,258,0,0,0,0,1,1,0,0,0,udp
0.06598401069641113,dns,299,424,0,0,0,0,1,1,0,0,0,udp
0.0684349536895752,dns,379,424,0,0,0,0,1,1,1,0,0,udp
0.06852602958679199,dns,459,424,0,0,0,0,1,1,1,0,0,udp
0.05630993843078613,other,812,326,0,0,0,1,1,1,0,1,1,tcp
0.056340932846069336,other,866,326,0,0,0,1,1,1,1,1,1,tcp
0.06139683723449707,other,984,326,0,0,0,1,1,1,1,1,1,tcp
0.08370304107666016,dns,459,530,0,0,0,0,1,1,0,0,0,udp
0.07029390335083008,other,1208,326,0,0,0,1,1,1,1,1,1,tcp
0,other,74,0,0,0,0,0,1,1,1,0,0,tcp
0.07135987281799316,other,1208,386,0,0,0,1,1,2,0,1,0,tcp
0.10225296020507812,dns,459,712,0,0,0,0,1,1,0,0,0,udp
0.08518385887145996,other,1208,942,0,0,0,1,1,2,0,1,0,tcp
0.09342384338378906,other,1734,942,0,0,0,1,1,1,1,1,1,tcp
0.1159520149230957,dns,533,712,0,0,0,0,1,1,1,0,0,udp
0.1166069507598877,dns,607,712,0,0,0,0,1,1,1,0,0,udp
0.03273487091064453,other,74,60,0,0,0,0,1,2,0,0,0,tcp
0.03277587890625,other,128,60,0,0,0,0,1,1,1,0,0,tcp
0.12506103515625,dns,607,906,0,0,0,0,1,1,0,0,0,udp
0.10800981521606445,other,1734,1058,0,0,0,1,1,2,0,1,0,tcp
0.04157590866088867,other,813,60,0,0,0,1,1,1,1,1,1,tcp
0.11268901824951172,other,1819,1058,0,0,0,1,1,1,1,1,1,tcp
0.11415600776672363,other,1819,1143,0,0,0,1,1,2,0,1,1,tcp
0.05386185646057129,other,813,120,0,0,0,1,1,2,0,1,1,tcp
0.14610505104064941,dns,607,1010,0,0,0,0,1,1,0,0,0,udp
0.14616107940673828,dns,607,1126,0,0,0,0,1,1,0,0,0,udp
0.06727099418640137,other,813,386,0,0,0,1,1,2,0,1,1,tcp
0.06729698181152344,other,867,386,0,0,0,1,1,1,1,1,1,tcp
0.06827783584594727,other,985,386,0,0,0,1,1,1,1,1,1,tcp
0.07012176513671875,other,1209,386,0,0,0,1,1,1,1,1,1,tcp
0.07067179679870605,other,1209,446,0,0,0,1,1,2,0,1,1,tcp
0.1622300148010254,other,1873,1143,0,0,0,1,1,1,1,1,1,tcp
0.09308481216430664,other,1209,1002,0,0,0,1,1,2,0,1,1,tcp
0.13666796684265137,other,1263,1002,0,0,0,1,1,1,1,1,1,tcp
0.13708281517028809,other,1263,1149,0,0,0,1,1,2,0,1,1,tcp
0.1370987892150879,other,1317,1149,0,0,0,1,1,1,1,1,1,tcp
0.13745594024658203,other,1402,1149,0,0,0,1,1,1,1,1,1,tcp
0.21953701972961426,other,1873,4117,0,0,0,1,1,2,0,1,1,tcp
0.21956300735473633,other,1927,4117,0,0,0,1,1,1,1,1,1,tcp
0.21971583366394043,other,1927,5631,0,0,0,1,1,2,0,1,1,tcp
0.2197418212890625,other,1981,5631,0,0,0,1,1,1,1,1,1,tcp
0.22088098526000977,other,1981,5881,0,0,0,1,1,2,0,1,1,tcp
0.22090482711791992,other,2035,5881,0,0,0,1,1,1,1,1,1,tcp
0.2210679054260254,other,2035,7395,0,0,0,1,1,2,0,1,1,tcp
0.22107291221618652,other,2089,7395,0,0,0,1,1,1,1,1,1,tcp
0.22273588180541992,other,2089,8528,0,0,0,1,1,2,0,1,1,tcp
0.2227799892425537,other,2143,8528,0,0,0,1,1,1,1,1,1,tcp
0.22306394577026367,other,2143,10042,0,0,0,1,1,2,0,1,1,tcp
0.22307085990905762,other,2197,10042,0,0,0,1,1,1,1,1,1,tcp
0.22315287590026855,other,2197,11556,0,0,0,1,1,2,0,1,1,tcp
0.2231578826904297,other,2251,11556,0,0,0,1,1,1,1,1,1,tcp
0.22365188598632812,other,2251,13070,0,0,0,1,1,2,0,1,1,tcp
0.22446703910827637,other,2305,13070,0,0,0,1,1,1,1,1,1,tcp
0.22453999519348145,other,2305,14584,0,0,0,1,1,2,0,1,1,tcp
0.2245478630065918,other,2359,14584,0,0,0,1,1,1,1,1,1,tcp
0.2246098518371582,other,2359,16098,0,0,0,1,1,2,0,1,1,tcp
0.22461485862731934,other,2413,16098,0,0,0,1,1,1,1,1,1,tcp
0.22476792335510254,other,2413,16869,0,0,0,1,1,2,0,1,1,tcp
0.2247788906097412,other,2467,16869,0,0,0,1,1,1,1,1,1,tcp
0.22611284255981445,other,2467,18353,0,0,0,1,1,2,0,1,1,tcp
0.22612500190734863,other,2521,18353,0,0,0,1,1,1,1,1,1,tcp
0.22692584991455078,other,2521,19867,0,0,0,1,1,2,0,1,1,tcp
0.22694087028503418,other,2575,19867,0,0,0,1,1,1,1,1,1,tcp
0.2270050048828125,other,2575,21381,0,0,0,1,1,2,0,1,1,tcp
0.22701001167297363,other,2629,21381,0,0,0,1,1,1,1,1,1,tcp
0.22777485847473145,other,2629,22805,0,0,0,1,1,2,0,1,1,tcp
0.2277839183807373,other,2683,22805,0,0,0,1,1,1,1,1,1,tcp
0.229111909866333,other,2683,24289,0,0,0,1,1,2,0,1,1,tcp
0.22912383079528809,other,2737,24289,0,0,0,1,1,1,1,1,1,tcp
0.22922992706298828,other,2737,25803,0,0,0,1,1,2,0,1,1,tcp
0.22923493385314941,other,2791,25803,0,0,0,1,1,1,1,1,1,tcp
0.2296428680419922,other,2791,27317,0,0,0,1,1,2,0,1,1,tcp
0.2297379970550537,other,2791,28831,0,0,0,1,1,2,0,1,1,tcp
0.22974681854248047,other,2845,28831,0,0,0,1,1,1,1,1,1,tcp
0.23004984855651855,other,2899,28831,0,0,0,1,1,1,1,1,1,tcp
0.23047184944152832,other,2899,30225,0,0,0,1,1,2,0,1,1,tcp
0.23047995567321777,other,2953,30225,0,0,0,1,1,1,1,1,1,tcp
0.24315190315246582,other,2953,31709,0,0,0,1,1,2,0,1,1,tcp
0.24317693710327148,other,3007,31709,0,0,0,1,1,1,1,1,1,tcp
0.24369597434997559,other,3007,33193,0,0,0,1,1,2,0,1,1,tcp
0.24370694160461426,other,3061,33193,0,0,0,1,1,1,1,1,1,tcp
0.2437739372253418,other,3061,34707,0,0,0,1,1,2,0,1,1,tcp
0.24378085136413574,other,3115,34707,0,0,0,1,1,1,1,1,1,tcp
0.24494481086730957,other,3115,36161,0,0,0,1,1,2,0,1,1,tcp
0.24556803703308105,other,3169,36161,0,0,0,1,1,1,1,1,1,tcp
0.24672198295593262,other,3169,37675,0,0,0,1,1,2,0,1,1,tcp
0.24677300453186035,other,3169,39189,0,0,0,1,1,2,0,1,1,tcp
0.2467799186706543,other,3223,39189,0,0,0,1,1,1,1,1,1,tcp
0.24706482887268066,other,3223,40703,0,0,0,1,1,2,0,1,1,tcp
0.2484879493713379,other,3223,42217,0,0,0,1,1,2,0,1,1,tcp
0.24850082397460938,other,3277,42217,0,0,0,1,1,1,1,1,1,tcp
0.24864602088928223,other,3277,43731,0,0,0,1,1,2,0,1,1,tcp
0.2500898838043213,other,3277,45245,0,0,0,1,1,2,0,1,1,tcp
0.2501049041748047,other,3331,45245,0,0,0,1,1,1,1,1,1,tcp
0.2502410411834717,other,3331,46759,0,0,0,1,1,2,0,1,1,tcp
0.2502470016479492,other,3331,48273,0,0,0,1,1,2,0,1,1,tcp
0.25025200843811035,other,3385,48273,0,0,0,1,1,1,1,1,1,tcp
0.25032591819763184,other,3385,49787,0,0,0,1,1,2,0,1,1,tcp
0.25032901763916016,other,3385,51301,0,0,0,1,1,2,0,1,1,tcp
0.2503318786621094,other,3439,51301,0,0,0,1,1,1,1,1,1,tcp
0.2514159679412842,other,3439,52485,0,0,0,1,1,2,0,1,1,tcp
0.2518298625946045,other,3493,52485,0,0,0,1,1,1,1,1,1,tcp
0.2529640197753906,other,3493,53969,0,0,0,1,1,2,0,1,1,tcp
0.2531578540802002,other,3493,55483,0,0,0,1,1,2,0,1,1,tcp
0.25316596031188965,other,3547,55483,0,0,0,1,1,1,1,1,1,tcp
0.25325894355773926,other,3547,56997,0,0,0,1,1,2,0,1,1,tcp
0.2544670104980469,other,3547,58511,0,0,0,1,1,2,0,1,1,tcp
0.25447988510131836,other,3601,58511,0,0,0,1,1,1,1,1,1,tcp
0.2552490234375,other,3601,60025,0,0,0,1,1,2,0,1,1,tcp
0.25569796562194824,other,3601,61539,0,0,0,1,1,2,0,1,1,tcp
0.2557079792022705,other,3655,61539,0,0,0,1,1,1,1,1,1,tcp
0.2563779354095459,other,3655,61963,0,0,0,1,1,2,0,1,1,tcp
0.25667786598205566,other,3709,61963,0,0,0,1,1,1,1,1,1,tcp
0.2567899227142334,other,3802,61963,0,0,0,1,1,1,1,1,1,tcp
0.3783729076385498,other,3802,62023,0,0,0,1,1,2,0,1,1,tcp
0.3075728416442871,other,1402,1209,0,0,0,1,1,2,0,1,1,tcp
0.5000839233398438,other,4052,62023,0,0,0,1,1,1,1,1,1,tcp
0.5007100105285645,other,4137,62023,0,0,0,1,1,1,1,1,1,tcp
0.5010268688201904,other,4137,62083,0,0,0,1,1,2,0,1,1,tcp
0.5451579093933105,other,4137,62281,0,0,0,1,1,2,0,1,1,tcp
0.5861589908599854,other,4191,62281,0,0,0,1,1,1,1,1,1,tcp
0.5872209072113037,other,4191,62418,0,0,0,1,1,2,0,1,1,tcp
0.5872378349304199,other,4245,62418,0,0,0,1,1,1,1,1,1,tcp
0.5876188278198242,other,4338,62418,0,0,0,1,1,1,1,1,1,tcp
0.6301438808441162,other,4338,62478,0,0,0,1,1,2,0,1,1,tcp
0.8645930290222168,other,4689,62478,0,0,0,1,1,1,1,1,1,tcp
0.8888511657714844,dns,682,1126,0,0,0,0,1,1,1,0,0,udp
0.8889589309692383,dns,757,1126,0,0,0,0,1,1,1,0,0,udp
0.8834648132324219,other,4689,62538,0,0,0,1,1,2,0,1,1,tcp
0.8904218673706055,other,4689,64052,0,0,0,1,1,2,0,1,1,tcp
0.8940868377685547,other,4689,65566,0,0,0,1,1,2,0,1,1,tcp
0.8941149711608887,other,4743,65566,0,0,0,1,1,1,1,1,1,tcp
0.8941888809204102,other,4743,68540,0,0,0,1,1,2,0,1,1,tcp
0.8941960334777832,other,4797,68540,0,0,0,1,1,1,1,1,1,tcp
0.8944568634033203,other,4797,72974,0,0,0,1,1,2,0,1,1,tcp
0.894467830657959,other,4851,72974,0,0,0,1,1,1,1,1,1,tcp
0.895395040512085,other,4851,74488,0,0,0,1,1,2,0,1,1,tcp
0.916823148727417,dns,757,1232,0,0,0,0,1,1,0,0,0,udp
0.8956618309020996,other,4851,81842,0,0,0,1,1,2,0,1,1,tcp
0.8956758975982666,other,4905,81842,0,0,0,1,1,1,1,1,1,tcp
0.8964529037475586,other,4905,83356,0,0,0,1,1,2,0,1,1,tcp
0.8966929912567139,other,4905,84870,0,0,0,1,1,2,0,1,1,tcp
0.8967030048370361,other,4959,84870,0,0,0,1,1,1,1,1,1,tcp
0.8977398872375488,other,4959,86384,0,0,0,1,1,2,0,1,1,tcp
0.9191269874572754,dns,757,1350,0,0,0,0,1,1,0,0,0,udp
0.8980088233947754,other,4959,89358,0,0,0,1,1,2,0,1,1,tcp
0.8980228900909424,other,5013,89358,0,0,0,1,1,1,1,1,1,tcp
0.8991889953613281,other,5013,90872,0,0,0,1,1,2,0,1,1,tcp
0.8992040157318115,other,5013,95306,0,0,0,1,1,2,0,1,1,tcp
0.8992118835449219,other,5067,95306,0,0,0,1,1,1,1,1,1,tcp
0.8992810249328613,other,5067,96820,0,0,0,1,1,2,0,1,1,tcp
0.8992860317230225,other,5067,98334,0,0,0,1,1,2,0,1,1,tcp
0.8992898464202881,other,5121,98334,0,0,0,1,1,1,1,1,1,tcp
0.9006028175354004,other,5121,99848,0,0,0,1,1,2,0,1,1,tcp
0.9006578922271729,other,5121,102822,0,0,0,1,1,2,0,1,1,tcp
0.9006638526916504,other,5175,102822,0,0,0,1,1,1,1,1,1,tcp
0.9007270336151123,other,5175,104336,0,0,0,1,1,2,0,1,1,tcp
0.9007308483123779,other,5175,105850,0,0,0,1,1,2,0,1,1,tcp
0.9007358551025391,other,5229,105850,0,0,0,1,1,1,1,1,1,tcp
0.9023480415344238,other,5229,107364,0,0,0,1,1,2,0,1,1,tcp
0.9024038314819336,other,5229,108878,0,0,0,1,1,2,0,1,1,tcp
0.902411937713623,other,5283,108878,0,0,0,1,1,1,1,1,1,tcp
0.902479887008667,other,5283,110392,0,0,0,1,1,2,0,1,1,tcp
0.9048728942871094,other,5283,111906,0,0,0,1,1,2,0,1,1,tcp
0.9048988819122314,other,5337,111906,0,0,0,1,1,1,1,1,1,tcp
0.9055030345916748,other,5337,114880,0,0,0,1,1,2,0,1,1,tcp
0.9055240154266357,other,5391,114880,0,0,0,1,1,1,1,1,1,tcp
0.9055910110473633,other,5391,117854,0,0,0,1,1,2,0,1,1,tcp
0.9055960178375244,other,5445,117854,0,0,0,1,1,1,1,1,1,tcp
0.9060368537902832,other,5445,118448,0,0,0,1,1,2,0,1,1,tcp
0.9060478210449219,other,5445,122882,0,0,0,1,1,2,0,1,1,tcp
0.9060540199279785,other,5499,122882,0,0,0,1,1,1,1,1,1,tcp
0.906419038772583,other,5499,124396,0,0,0,1,1,2,0,1,1,tcp
0.9070608615875244,other,5499,125910,0,0,0,1,1,2,0,1,1,tcp
0.9070718288421631,other,5553,125910,0,0,0,1,1,1,1,1,1,tcp
0.9084198474884033,other,5553,127244,0,0,0,1,1,2,0,1,1,tcp
0.921118974685669,other,5553,128758,0,0,0,1,1,2,0,1,1,tcp
0.9211359024047852,other,5607,128758,0,0,0,1,1,1,1,1,1,tcp
0.9212489128112793,other,5607,130272,0,0,0,1,1,2,0,1,1,tcp
0.9212539196014404,other,5607,131786,0,0,0,1,1,2,0,1,1,tcp
0.9212579727172852,other,5661,131786,0,0,0,1,1,1,1,1,1,tcp
0.921320915222168,other,5661,133300,0,0,0,1,1,2,0,1,1,tcp
0.9213240146636963,other,5661,134814,0,0,0,1,1,2,0,1,1,tcp
0.9213278293609619,other,5715,134814,0,0,0,1,1,1,1,1,1,tcp
0.9213888645172119,other,5715,136328,0,0,0,1,1,2,0,1,1,tcp
0.9213919639587402,other,5715,137842,0,0,0,1,1,2,0,1,1,tcp
0.921396017074585,other,5769,137842,0,0,0,1,1,1,1,1,1,tcp
0.9214568138122559,other,5769,139356,0,0,0,1,1,2,0,1,1,tcp
0.923163890838623,other,5769,140870,0,0,0,1,1,2,0,1,1,tcp
0.9231798648834229,other,5823,140870,0,0,0,1,1,1,1,1,1,tcp
0.9232900142669678,other,5823,145304,0,0,0,1,1,2,0,1,1,tcp
0.9232950210571289,other,5877,145304,0,0,0,1,1,1,1,1,1,tcp
0.9233579635620117,other,5877,146818,0,0,0,1,1,2,0,1,1,tcp
0.9233620166778564,other,5877,148332,0,0,0,1,1,2,0,1,1,tcp
0.923367977142334,other,5931,148332,0,0,0,1,1,1,1,1,1,tcp
0.9250929355621338,other,5931,149846,0,0,0,1,1,2,0,1,1,tcp
0.9251530170440674,other,5931,152820,0,0,0,1,1,2,0,1,1,tcp
0.9251608848571777,other,5985,152820,0,0,0,1,1,1,1,1,1,tcp
0.9252259731292725,other,5985,154334,0,0,0,1,1,2,0,1,1,tcp
0.9252309799194336,other,5985,155848,0,0,0,1,1,2,0,1,1,tcp
0.9252350330352783,other,6039,155848,0,0,0,1,1,1,1,1,1,tcp
0.9268798828125,other,6039,156762,0,0,0,1,1,2,0,1,1,tcp
0.92694091796875,other,6039,158276,0,0,0,1,1,2,0,1,1,tcp
0.9269509315490723,other,6093,158276,0,0,0,1,1,1,1,1,1,tcp
0.9270188808441162,other,6093,159790,0,0,0,1,1,2,0,1,1,tcp
0.9270238876342773,other,6093,161304,0,0,0,1,1,2,0,1,1,tcp
0.9270279407501221,other,6147,161304,0,0,0,1,1,1,1,1,1,tcp
0.9279539585113525,other,6147,162698,0,0,0,1,1,2,0,1,1,tcp
0.930927038192749,other,6147,165672,0,0,0,1,1,2,0,1,1,tcp
0.9309468269348145,other,6201,165672,0,0,0,1,1,1,1,1,1,tcp
0.931020975112915,other,6201,168646,0,0,0,1,1,2,0,1,1,tcp
0.9310269355773926,other,6255,168646,0,0,0,1,1,1,1,1,1,tcp
0.9310908317565918,other,6255,170160,0,0,0,1,1,2,0,1,1,tcp
0.9310939311981201,other,6255,171674,0,0,0,1,1,2,0,1,1,tcp
0.9310979843139648,other,6309,171674,0,0,0,1,1,1,1,1,1,tcp
0.9311590194702148,other,6309,173188,0,0,0,1,1,2,0,1,1,tcp
0.9316558837890625,other,6309,176162,0,0,0,1,1,2,0,1,1,tcp
0.9316668510437012,other,6363,176162,0,0,0,1,1,1,1,1,1,tcp
0.9324929714202881,other,6363,177376,0,0,0,1,1,2,0,1,1,tcp
0.9327459335327148,other,6363,180350,0,0,0,1,1,2,0,1,1,tcp
0.9327549934387207,other,6417,180350,0,0,0,1,1,1,1,1,1,tcp
0.9336369037628174,other,6417,181864,0,0,0,1,1,2,0,1,1,tcp
0.9339938163757324,other,6417,183378,0,0,0,1,1,2,0,1,1,tcp
0.9340059757232666,other,6471,183378,0,0,0,1,1,1,1,1,1,tcp
0.9345760345458984,other,6471,184892,0,0,0,1,1,2,0,1,1,tcp
0.9348819255828857,other,6471,190786,0,0,0,1,1,2,0,1,1,tcp
0.9349269866943359,other,6525,190786,0,0,0,1,1,1,1,1,1,tcp
0.9358408451080322,other,6525,192000,0,0,0,1,1,2,0,1,1,tcp
0.943835973739624,other,6525,193514,0,0,0,1,1,2,0,1,1,tcp
0.9438679218292236,other,6579,193514,0,0,0,1,1,1,1,1,1,tcp
0.9441108703613281,other,6579,195028,0,0,0,1,1,2,0,1,1,tcp
0.944119930267334,other,6579,196542,0,0,0,1,1,2,0,1,1,tcp
0.9441258907318115,other,6633,196542,0,0,0,1,1,1,1,1,1,tcp
0.9441959857940674,other,6633,198056,0,0,0,1,1,2,0,1,1,tcp
0.9468889236450195,other,6633,199570,0,0,0,1,1,2,0,1,1,tcp
0.9469208717346191,other,6687,199570,0,0,0,1,1,1,1,1,1,tcp
0.947199821472168,other,6687,202544,0,0,0,1,1,2,0,1,1,tcp
0.9472239017486572,other,6741,202544,0,0,0,1,1,1,1,1,1,tcp
0.9472968578338623,other,6741,205518,0,0,0,1,1,2,0,1,1,tcp
0.9473018646240234,other,6795,205518,0,0,0,1,1,1,1,1,1,tcp
0.947659969329834,other,6795,208492,0,0,0,1,1,2,0,1,1,tcp
0.9476699829101562,other,6849,208492,0,0,0,1,1,1,1,1,1,tcp
0.9497230052947998,other,6849,209369,0,0,0,1,1,2,0,1,1,tcp
0.9501409530639648,other,6942,209369,0,0,0,1,1,1,1,1,1,tcp
0,other,74,0,0,0,0,0,1,1,1,0,0,tcp
0.024950027465820312,other,74,60,0,0,0,0,1,3,0,0,0,tcp
0.025027990341186523,other,128,60,0,0,0,0,1,1,1,0,0,tcp
0.027426958084106445,other,813,60,0,0,0,1,1,1,1,1,1,tcp
0.051985979080200195,other,813,326,0,0,0,1,1,3,0,1,1,tcp
0.052062034606933594,other,867,326,0,0,0,1,1,1,1,1,1,tcp
0.05618596076965332,other,985,326,0,0,0,1,1,1,1,1,1,tcp
0.0585629940032959,other,1209,326,0,0,0,1,1,1,1,1,1,tcp
0.05964207649230957,other,1209,386,0,0,0,1,1,3,0,1,1,tcp
0.08372902870178223,other,1209,1004,0,0,0,1,1,3,0,1,1,tcp
0.08414888381958008,other,1294,1004,0,0,0,1,1,1,1,1,1,tcp
0.10009098052978516,other,1294,1064,0,0,0,1,1,3,0,1,1,tcp
1.1429779529571533,other,6942,209429,0,0,0,1,1,3,0,1,1,tcp
0.10618805885314941,other,1294,1149,0,0,0,1,1,3,0,1,1,tcp
0.14688801765441895,other,1348,1149,0,0,0,1,1,1,1,1,1,tcp
1.5265090465545654,other,7164,209429,0,0,0,1,1,1,1,1,1,tcp
1.527850866317749,other,7249,209429,0,0,0,1,1,1,1,1,1,tcp
1.528183937072754,other,7249,209489,0,0,0,1,1,3,0,1,1,tcp
1.573179006576538,other,7249,209685,0,0,0,1,1,3,0,1,1,tcp
1.617933988571167,other,7303,209685,0,0,0,1,1,1,1,1,1,tcp
1.619184970855713,other,7303,209822,0,0,0,1,1,3,0,1,1,tcp
1.6191999912261963,other,7357,209822,0,0,0,1,1,1,1,1,1,tcp
1.6197090148925781,other,7450,209822,0,0,0,1,1,1,1,1,1,tcp
1.6468868255615234,other,7450,209882,0,0,0,1,1,3,0,1,1,tcp
2.0112078189849854,other,7854,209882,0,0,0,1,1,1,1,1,1,tcp
2.039127826690674,other,7854,212856,0,0,0,1,1,3,0,1,1,tcp
2.0397210121154785,other,7908,212856,0,0,0,1,1,1,1,1,1,tcp
2.040442943572998,other,7908,223130,0,0,0,1,1,3,0,1,1,tcp
2.0404539108276367,other,7962,223130,0,0,0,1,1,1,1,1,1,tcp
2.040755033493042,other,7962,227564,0,0,0,1,1,3,0,1,1,tcp
2.0407769680023193,other,8016,227564,0,0,0,1,1,1,1,1,1,tcp
2.0410869121551514,other,8016,234918,0,0,0,1,1,3,0,1,1,tcp
2.0410938262939453,other,8070,234918,0,0,0,1,1,1,1,1,1,tcp
2.0412418842315674,other,8070,237892,0,0,0,1,1,3,0,1,1,tcp
2.0412468910217285,other,8124,237892,0,0,0,1,1,1,1,1,1,tcp
2.0423338413238525,other,8124,239246,0,0,0,1,1,3,0,1,1,tcp
2.0454440116882324,other,8217,239246,0,0,0,1,1,1,1,1,1,tcp
2.0583889484405518,other,8581,239246,0,0,0,1,1,1,1,1,1,tcp
2.059419870376587,other,8581,239306,0,0,0,1,1,3,0,1,1,tcp
2.0594379901885986,other,8666,239306,0,0,0,1,1,1,1,1,1,tcp
2.1512999534606934,other,8666,239366,0,0,0,1,1,3,0,1,1,tcp
2.160573959350586,other,8666,239562,0,0,0,1,1,3,0,1,1,tcp
0,other,74,0,0,0,0,0,1,1,1,0,0,tcp
2.1992239952087402,other,8720,239562,0,0,0,1,1,1,1,1,1,tcp
2.2010059356689453,other,8720,239686,0,0,0,1,1,4,0,1,0,tcp
2.2010319232940674,other,8774,239686,0,0,0,1,1,1,1,1,1,tcp
2.2014849185943604,other,8867,239686,0,0,0,1,1,1,1,1,1,tcp
0.025665998458862305,other,74,60,0,0,0,0,1,4,0,0,0,tcp
0.025745868682861328,other,128,60,0,0,0,0,1,1,1,0,0,tcp
0.034674882888793945,other,699,60,0,0,0,1,1,1,1,1,1,tcp
0.07714295387268066,other,699,1544,0,0,0,1,1,4,0,1,1,tcp
0.07721996307373047,other,753,1544,0,0,0,1,1,1,1,1,1,tcp
0.07886004447937012,other,753,3028,0,0,0,1,1,4,0,1,1,tcp
0.07888603210449219,other,807,3028,0,0,0,1,1,1,1,1,1,tcp
0.07995796203613281,other,807,3710,0,0,0,1,1,4,0,1,1,tcp
0.07996988296508789,other,861,3710,0,0,0,1,1,1,1,1,1,tcp
0.10138583183288574,other,979,3710,0,0,0,1,1,1,1,1,1,tcp
0.10252690315246582,other,1203,3710,0,0,0,1,1,1,1,1,1,tcp
0.10262894630432129,other,1703,3710,0,0,0,1,1,1,1,1,1,tcp
0.10381102561950684,other,1703,3770,0,0,0,1,1,4,0,1,1,tcp
0.12816286087036133,other,1703,4388,0,0,0,1,1,4,0,1,1,tcp
0.12982487678527832,other,1788,4388,0,0,0,1,1,1,1,1,1,tcp
0.15057897567749023,other,1788,4473,0,0,0,1,1,4,0,1,1,tcp
0.19552302360534668,other,1842,4473,0,0,0,1,1,1,1,1,1,tcp
0.1966099739074707,other,1842,5055,0,0,0,1,1,4,0,1,1,tcp
0.1966240406036377,other,1896,5055,0,0,0,1,1,1,1,1,1,tcp
0.1975269317626953,other,1989,5055,0,0,0,1,1,1,1,1,1,tcp
0.2079458236694336,other,1989,5115,0,0,0,1,1,4,0,1,1,tcp
2.4021990299224854,other,8867,239746,0,0,0,1,1,4,0,1,1,tcp
2.4325971603393555,dns,844,1350,0,0,0,0,1,1,1,0,0,udp
2.4328830242156982,dns,931,1350,0,0,0,0,1,1,1,0,0,udp
2.4370710849761963,dns,1018,1350,0,0,0,0,1,1,1,0,0,udp
2.459571123123169,dns,1018,1546,0,0,0,0,1,1,0,0,0,udp
2.4604289531707764,dns,1018,1754,0,0,0,0,1,1,0,0,0,udp
2.4636831283569336,dns,1018,1950,0,0,0,0,1,1,0,0,0,udp
0,other,74,0,1,2,1,0,2,2,0,0,0,tcp
0.027202844619750977,other,74,60,1,2,1,0,2,5,0,0,0,tcp
0.02728891372680664,other,128,60,1,2,1,0,2,2,0,0,0,tcp
0.029385805130004883,other,699,60,1,2,2,1,2,2,0,1,1,tcp
0.07182788848876953,other,699,1574,1,2,2,1,2,5,0,1,1,tcp
0.07188892364501953,other,753,1574,1,2,2,1,2,2,0,1,1,tcp
0.07340383529663086,other,753,2779,1,2,2,1,2,5,0,1,1,tcp
0.07341885566711426,other,807,2779,1,2,2,1,2,2,0,1,1,tcp
0.08201980590820312,other,925,2779,1,2,2,1,2,2,0,1,1,tcp
0.0881648063659668,other,1149,2779,1,2,2,1,2,2,0,1,1,tcp
0.0882718563079834,other,1548,2779,1,2,2,1,2,2,0,1,1,tcp
0.08861494064331055,other,1548,2839,1,2,2,1,2,5,0,1,1,tcp
0.10560989379882812,other,1548,3457,1,2,2,1,2,5,0,1,1,tcp
0.10645484924316406,other,1633,3457,1,2,2,1,2,2,0,1,1,tcp
0.129180908203125,other,1633,3542,1,2,2,1,2,5,0,1,1,tcp
0.17145800590515137,other,1687,3542,1,2,2,1,2,2,0,1,1,tcp
0.17359089851379395,other,1687,4143,1,2,2,1,2,5,0,1,1,tcp
0.1736140251159668,other,1741,4143,1,2,2,1,2,2,0,1,1,tcp
0.17475485801696777,other,1834,4143,1,2,2,1,2,2,0,1,1,tcp
0.430927038192749,other,2227,5115,1,2,2,1,2,2,0,1,1,tcp
0.4572908878326416,other,2227,5175,1,2,2,1,2,5,0,1,1,tcp
0.20813202857971191,other,1834,4203,1,2,2,1,2,5,0,1,1,tcp
0.47481298446655273,other,2227,5442,1,2,2,1,2,5,0,1,1,tcp
0.5196280479431152,other,2281,5442,1,2,2,1,2,2,0,1,1,tcp
0.5209038257598877,other,2281,5566,1,2,2,1,2,5,0,1,1,tcp
0.5209329128265381,other,2335,5566,1,2,2,1,2,2,0,1,1,tcp
0.5218620300292969,other,2428,5566,1,2,2,1,2,2,0,1,1,tcp
0.2832009792327881,other,2056,4203,1,2,2,1,2,2,0,1,1,tcp
0.32835984230041504,other,2056,4372,1,2,2,1,2,5,0,1,1,tcp
0.37122488021850586,other,2110,4372,1,2,2,1,2,2,0,1,1,tcp
0.37168097496032715,other,2110,4465,1,2,2,1,2,5,0,1,1,tcp
0.3717010021209717,other,2164,4465,1,2,2,1,2,2,0,1,1,tcp
0.3721799850463867,other,2257,4465,1,2,2,1,2,2,0,1,1,tcp
0.46098995208740234,other,2257,4525,1,2,2,1,2,5,0,1,1,tcp
0.710191011428833,other,2428,5626,1,2,2,1,2,5,0,1,1,tcp
58.15309190750122,other,1441,1149,0,0,0,1,1,1,1,1,1,tcp
59.125284910202026,other,1495,1209,0,0,0,1,1,1,1,1,1,tcp
58.19255495071411,other,1441,1242,0,0,0,1,1,5,0,1,1,tcp
58.192585945129395,other,1495,1242,0,0,0,1,1,1,1,1,1,tcp
59.16470980644226,other,1495,1302,0,0,0,1,1,5,0,1,1,tcp
59.20714998245239,other,1549,1302,0,0,0,1,1,1,1,1,1,tcp
59.00390601158142,other,2521,5626,1,2,2,1,2,2,0,1,1,tcp
58.75781989097595,other,2350,4525,1,2,2,1,2,2,0,1,1,tcp
61.202088832855225,other,8960,239746,0,0,0,1,1,1,1,1,1,tcp
59.03053903579712,other,2521,5719,1,2,2,1,2,5,0,1,1,tcp
58.78379201889038,other,2350,4618,1,2,2,1,2,5,0,1,1,tcp
61.22727084159851,other,8960,239839,0,0,0,1,1,5,0,1,1,tcp
59.07847189903259,other,2575,5719,1,2,2,1,2,2,0,1,1,tcp
61.273268938064575,other,9014,239839,0,0,0,1,1,1,1,1,1,tcp
58.830864906311035,other,2404,4618,1,2,2,1,2,2,0,1,1,tcp
0,other,85,0,0,0,0,0,1,1,1,0,0,tcp
0.0009250640869140625,other,85,89,0,0,0,0,1,1,0,0,0,tcp
0.10580110549926758,other,145,89,0,0,0,0,1,1,1,0,0,tcp
117.16201496124268,other,1588,1242,0,0,0,1,1,1,1,1,1,tcp
118.13419795036316,other,1642,1302,0,0,0,1,1,1,1,1,1,tcp
118.14940094947815,other,1642,1362,0,0,0,1,1,5,0,1,1,tcp
117.17744588851929,other,1588,1302,0,0,0,1,1,5,0,1,1,tcp
117.18808197975159,other,1588,1395,0,0,0,1,1,5,0,1,1,tcp
117.18816804885864,other,1642,1395,0,0,0,1,1,1,1,1,1,tcp
118.16029477119446,other,1642,1455,0,0,0,1,1,5,0,1,1,tcp
118.16030097007751,other,1696,1455,0,0,0,1,1,1,1,1,1,tcp
118.0120279788971,other,2668,5719,1,2,2,1,2,2,0,1,1,tcp
117.76302289962769,other,2497,4618,1,2,2,1,2,2,0,1,1,tcp
120.2065498828888,other,9107,239839,0,0,0,1,1,1,1,1,1,tcp
118.03657698631287,other,2668,5812,1,2,2,1,2,5,0,1,1,tcp
118.0366518497467,other,2722,5812,1,2,2,1,2,2,0,1,1,tcp
120.23203086853027,other,9107,239932,0,0,0,1,1,5,0,1,1,tcp
120.2320909500122,other,9161,239932,0,0,0,1,1,1,1,1,1,tcp
117.78894281387329,other,2497,4711,1,2,2,1,2,5,0,1,1,tcp
117.7889518737793,other,2551,4711,1,2,2,1,2,2,0,1,1,tcp
171.00258684158325,other,1789,1455,0,0,0,1,1,1,1,1,1,tcp
171.00328278541565,other,1867,1455,0,0,0,1,1,1,1,1,1,tcp
171.00409293174744,other,1867,1515,0,0,0,1,1,5,0,1,1,tcp
171.03508186340332,other,1867,1575,0,0,0,1,1,5,0,1,1,tcp
171.0351128578186,other,1921,1575,0,0,0,1,1,1,1,1,1,tcp
171.03200697898865,other,1735,1395,0,0,0,1,1,1,1,1,1,tcp
171.0327959060669,other,1813,1395,0,0,0,1,1,1,1,1,1,tcp
171.03324389457703,other,1867,1395,0,0,0,1,1,1,1,1,1,tcp
171.03384590148926,other,1867,1455,0,0,0,1,1,5,0,1,1,tcp
171.0338749885559,other,1867,1515,0,0,0,1,1,5,0,1,1,tcp
171.067528963089,other,1867,1575,0,0,0,1,1,5,0,1,1,tcp
171.06762409210205,other,1921,1575,0,0,0,1,1,1,1,1,1,tcp
170.88215398788452,other,2815,5812,1,2,2,1,2,2,0,1,1,tcp
170.6335129737854,other,2644,4711,1,2,2,1,2,2,0,1,1,tcp
173.077378988266,other,9254,239932,0,0,0,1,1,1,1,1,1,tcp
170.8842258453369,other,2893,5812,1,2,2,1,2,2,0,1,1,tcp
170.88462495803833,other,2893,5872,1,2,2,1,2,5,0,1,1,tcp
170.88543605804443,other,2947,5872,1,2,2,1,2,2,0,1,1,tcp
170.88582682609558,other,2947,5932,1,2,2,1,2,5,0,1,1,tcp
170.63762092590332,other,2722,4711,1,2,2,1,2,2,0,1,1,tcp
170.638170003891,other,2722,4771,1,2,2,1,2,5,0,1,1,tcp
170.63860487937927,other,2776,4771,1,2,2,1,2,2,0,1,1,tcp
170.6390039920807,other,2776,4831,1,2,2,1,2,5,0,1,1,tcp
173.0828628540039,other,9332,239932,0,0,0,1,1,1,1,1,1,tcp
173.08365392684937,other,9332,239992,0,0,0,1,1,5,0,1,1,tcp
173.08479499816895,other,9386,239992,0,0,0,1,1,1,1,1,1,tcp
173.0861840248108,other,9386,240052,0,0,0,1,1,5,0,1,1,tcp
170.91473388671875,other,2947,5992,1,2,2,1,2,5,0,1,1,tcp
170.91476583480835,other,3001,5992,1,2,2,1,2,2,0,1,1,tcp
170.66564989089966,other,2776,4891,1,2,2,1,2,5,0,1,1,tcp
170.66565680503845,other,2830,4891,1,2,2,1,2,2,0,1,1,tcp
173.10916185379028,other,9386,240112,0,0,0,1,1,5,0,1,1,tcp
173.10916900634766,other,9440,240112,0,0,0,1,1,1,1,1,1,tcp
0,dns,74,0,0,0,0,0,1,1,1,0,0,udp
0.013839960098266602,dns,148,0,0,0,0,0,1,1,1,0,0,udp
0.02399301528930664,dns,222,0,0,0,0,0,1,1,1,0,0,udp
0.021336078643798828,dns,222,104,0,0,0,0,1,1,0,0,0,udp
0.021399974822998047,dns,222,220,0,0,0,0,1,1,0,0,0,udp
0.0230710506439209,dns,222,324,0,0,0,0,1,1,0,0,0,udp
0,other,74,0,0,0,0,0,1,1,1,0,0,tcp
0.038877010345458984,other,74,60,0,0,0,0,1,1,0,0,0,tcp
0.03891301155090332,other,128,60,0,0,0,0,1,1,1,0,0,tcp
0.04132699966430664,other,812,60,0,0,0,1,1,1,1,1,1,tcp
0.044137001037597656,other,812,120,0,0,0,1,1,1,0,1,1,tcp
0.06953215599060059,other,812,386,0,0,0,1,1,1,0,1,1,tcp
0.06955909729003906,other,866,386,0,0,0,1,1,1,1,1,1,tcp
0.07163405418395996,other,984,386,0,0,0,1,1,1,1,1,1,tcp
0.07346796989440918,other,1208,386,0,0,0,1,1,1,1,1,1,tcp
0.0735940933227539,other,1761,386,0,0,0,1,1,1,1,1,1,tcp
0.07413911819458008,other,1761,446,0,0,0,1,1,1,0,1,1,tcp
0.0741569995880127,other,1846,446,0,0,0,1,1,1,1,1,1,tcp
0.07639312744140625,other,1846,506,0,0,0,1,1,1,0,1,1,tcp
0.09592819213867188,other,1846,1062,0,0,0,1,1,1,0,1,1,tcp
0.13967204093933105,other,1900,1062,0,0,0,1,1,1,1,1,1,tcp
0.14008808135986328,other,1900,1209,0,0,0,1,1,1,0,1,1,tcp
0.14009904861450195,other,1954,1209,0,0,0,1,1,1,1,1,1,tcp
0.14074301719665527,other,2039,1209,0,0,0,1,1,1,1,1,1,tcp
0.1420121192932129,other,2039,1523,0,0,0,1,1,1,0,1,1,tcp
0.1880490779876709,other,2093,1523,0,0,0,1,1,1,1,1,1,tcp
0.18888616561889648,other,2093,1647,0,0,0,1,1,1,0,1,1,tcp
0.18890118598937988,other,2147,1647,0,0,0,1,1,1,1,1,1,tcp
0.18955612182617188,other,2240,1647,0,0,0,1,1,1,1,1,1,tcp
0.2966279983520508,other,2240,1707,0,0,0,1,1,1,0,1,1,tcp
4.842032194137573,other,2444,1707,0,0,0,1,1,1,1,1,1,tcp
4.842787027359009,other,2529,1707,0,0,0,1,1,1,1,1,1,tcp
4.843178987503052,other,2529,1767,0,0,0,1,1,1,0,1,1,tcp
4.8976640701293945,other,2529,1962,0,0,0,1,1,1,0,1,1,tcp
4.942523002624512,other,2583,1962,0,0,0,1,1,1,1,1,1,tcp
4.944008111953735,other,2583,2099,0,0,0,1,1,1,0,1,1,tcp
4.944025993347168,other,2637,2099,0,0,0,1,1,1,1,1,1,tcp
4.945564031600952,other,2730,2099,0,0,0,1,1,1,1,1,1,tcp
5.078000068664551,other,2730,2159,0,0,0,1,1,1,0,1,1,tcp
7.878712177276611,other,2934,2159,0,0,0,1,1,1,1,1,1,tcp
7.879607200622559,other,3019,2159,0,0,0,1,1,1,1,1,1,tcp
7.880253076553345,other,3019,2219,0,0,0,1,1,1,0,1,1,tcp
7.912070035934448,dns,297,324,0,0,0,0,1,1,1,0,0,udp
7.91273307800293,dns,377,324,0,0,0,0,1,1,1,0,0,udp
7.91283392906189,dns,452,324,0,0,0,0,1,1,1,0,0,udp
7.9132349491119385,dns,532,324,0,0,0,0,1,1,1,0,0,udp
7.929626941680908,dns,607,324,0,0,0,0,1,1,1,0,0,udp
7.939884901046753,dns,607,506,0,0,0,0,1,1,0,0,0,udp
7.939948081970215,dns,607,660,0,0,0,0,1,1,0,0,0,udp
7.9399518966674805,dns,607,826,0,0,0,0,1,1,0,0,0,udp
7.942915916442871,dns,607,1020,0,0,0,0,1,1,0,0,0,udp
7.926586151123047,other,3019,2415,0,0,0,1,1,1,0,1,1,tcp
7.963589906692505,dns,607,1126,0,0,0,0,1,1,0,0,0,udp
0,other,74,0,0,0,0,0,1,1,1,0,0,tcp
7.945237159729004,other,3221,2415,0,0,0,1,1,1,1,1,1,tcp
7.945739030838013,other,3221,2552,0,0,0,1,1,2,0,1,0,tcp
7.946062088012695,other,3314,2552,0,0,0,1,1,1,1,1,1,tcp
0.032449960708618164,other,74,60,0,0,0,0,1,2,0,0,0,tcp
0.0324859619140625,other,128,60,0,0,0,0,1,1,1,0,0,tcp
0.03490400314331055,other,813,60,0,0,0,1,1,1,1,1,1,tcp
0.06339001655578613,other,813,326,0,0,0,1,1,2,0,1,1,tcp
0.06364583969116211,other,867,326,0,0,0,1,1,1,1,1,1,tcp
0.06598091125488281,other,985,326,0,0,0,1,1,1,1,1,1,tcp
0.07177400588989258,other,1209,326,0,0,0,1,1,1,1,1,1,tcp
0.0763540267944336,other,1209,386,0,0,0,1,1,2,0,1,1,tcp
0.09160780906677246,other,1209,942,0,0,0,1,1,2,0,1,1,tcp
0.13753890991210938,other,1263,942,0,0,0,1,1,1,1,1,1,tcp
0.1390209197998047,other,1263,1089,0,0,0,1,1,2,0,1,1,tcp
0.13903594017028809,other,1317,1089,0,0,0,1,1,1,1,1,1,tcp
0.139570951461792,other,1402,1089,0,0,0,1,1,1,1,1,1,tcp
8.084949970245361,other,3314,5526,0,0,0,1,1,2,0,1,1,tcp
8.085025072097778,other,3368,5526,0,0,0,1,1,1,1,1,1,tcp
8.085093021392822,other,3368,8500,0,0,0,1,1,2,0,1,1,tcp
8.085100173950195,other,3422,8500,0,0,0,1,1,1,1,1,1,tcp
8.085190057754517,other,3422,10014,0,0,0,1,1,2,0,1,1,tcp
8.086544036865234,other,3422,11528,0,0,0,1,1,2,0,1,1,tcp
8.086568117141724,other,3476,11528,0,0,0,1,1,1,1,1,1,tcp
8.088008165359497,other,3476,12680,0,0,0,1,1,2,0,1,1,tcp
8.09183406829834,other,3476,14194,0,0,0,1,1,2,0,1,1,tcp
8.091859102249146,other,3530,14194,0,0,0,1,1,1,1,1,1,tcp
8.093388080596924,other,3530,15708,0,0,0,1,1,2,0,1,1,tcp
8.093445062637329,other,3530,18682,0,0,0,1,1,2,0,1,1,tcp
8.093451023101807,other,3584,18682,0,0,0,1,1,1,1,1,1,tcp
8.093528985977173,other,3584,21656,0,0,0,1,1,2,0,1,1,tcp
8.093533992767334,other,3638,21656,0,0,0,1,1,1,1,1,1,tcp
8.093621969223022,other,3638,24630,0,0,0,1,1,2,0,1,1,tcp
8.093626976013184,other,3692,24630,0,0,0,1,1,1,1,1,1,tcp
8.09371304512024,other,3692,26144,0,0,0,1,1,2,0,1,1,tcp
8.094907999038696,other,3692,27658,0,0,0,1,1,2,0,1,1,tcp
8.094935178756714,other,3746,27658,0,0,0,1,1,1,1,1,1,tcp
8.09508204460144,other,3746,29172,0,0,0,1,1,2,0,1,1,tcp
8.097647190093994,other,3746,30686,0,0,0,1,1,2,0,1,1,tcp
8.09766697883606,other,3800,30686,0,0,0,1,1,1,1,1,1,tcp
8.098829984664917,other,3800,31810,0,0,0,1,1,2,0,1,1,tcp
8.099376201629639,other,3800,34784,0,0,0,1,1,2,0,1,1,tcp
8.099387168884277,other,3854,34784,0,0,0,1,1,1,1,1,1,tcp
8.100468158721924,other,3854,36298,0,0,0,1,1,2,0,1,1,tcp
8.100532054901123,other,3854,37812,0,0,0,1,1,2,0,1,1,tcp
8.100537061691284,other,3908,37812,0,0,0,1,1,1,1,1,1,tcp
0.16031289100646973,other,1402,1149,0,0,0,1,1,2,0,1,1,tcp
8.101922988891602,other,3908,39176,0,0,0,1,1,2,0,1,1,tcp
8.101972103118896,other,3908,40690,0,0,0,1,1,2,0,1,1,tcp
8.10197901725769,other,3962,40690,0,0,0,1,1,1,1,1,1,tcp
8.103093147277832,other,3962,42204,0,0,0,1,1,2,0,1,1,tcp
8.103384971618652,other,3962,43718,0,0,0,1,1,2,0,1,1,tcp
8.10339617729187,other,4016,43718,0,0,0,1,1,1,1,1,1,tcp
8.104109048843384,other,4016,45112,0,0,0,1,1,2,0,1,1,tcp
8.108350038528442,other,4016,46626,0,0,0,1,1,2,0,1,1,tcp
8.108366966247559,other,4070,46626,0,0,0,1,1,1,1,1,1,tcp
8.108538150787354,other,4070,48140,0,0,0,1,1,2,0,1,1,tcp
8.108543157577515,other,4070,49654,0,0,0,1,1,2,0,1,1,tcp
8.10854697227478,other,4124,49654,0,0,0,1,1,1,1,1,1,tcp
8.108636140823364,other,4124,51168,0,0,0,1,1,2,0,1,1,tcp
8.109610080718994,other,4124,52682,0,0,0,1,1,2,0,1,1,tcp
8.109619140625,other,4178,52682,0,0,0,1,1,1,1,1,1,tcp
8.10976505279541,other,4178,54196,0,0,0,1,1,2,0,1,1,tcp
8.111561059951782,other,4178,55710,0,0,0,1,1,2,0,1,1,tcp
8.111574172973633,other,4232,55710,0,0,0,1,1,1,1,1,1,tcp
8.111870050430298,other,4232,57224,0,0,0,1,1,2,0,1,1,tcp
8.118226051330566,other,4232,58738,0,0,0,1,1,2,0,1,1,tcp
8.118240118026733,other,4286,58738,0,0,0,1,1,1,1,1,1,tcp
8.118329048156738,other,4286,60252,0,0,0,1,1,2,0,1,1,tcp
8.118565082550049,other,4286,61766,0,0,0,1,1,2,0,1,1,tcp
8.118573188781738,other,4340,61766,0,0,0,1,1,1,1,1,1,tcp
8.119431972503662,other,4340,62942,0,0,0,1,1,2,0,1,1,tcp
8.119806051254272,other,4433,62942,0,0,0,1,1,1,1,1,1,tcp
8.353204011917114,other,4433,63002,0,0,0,1,1,2,0,1,1,tcp
8.404754161834717,other,4658,63002,0,0,0,1,1,1,1,1,1,tcp
8.407250165939331,other,4743,63002,0,0,0,1,1,1,1,1,1,tcp
8.409231185913086,other,4743,63062,0,0,0,1,1,2,0,1,1,tcp
8.449402093887329,other,4743,63341,0,0,0,1,1,2,0,1,1,tcp
8.452455043792725,other,4836,63341,0,0,0,1,1,1,1,1,1,tcp
8.60377311706543,other,4836,63401,0,0,0,1,1,2,0,1,1,tcp
8.746915102005005,dns,682,1126,0,0,0,0,1,1,1,0,0,udp
8.74793291091919,dns,757,1126,0,0,0,0,1,1,1,0,0,udp
8.77452301979065,dns,757,1232,0,0,0,0,1,1,0,0,0,udp
8.774585008621216,dns,757,1350,0,0,0,0,1,1,0,0,0,udp
9.291011095046997,other,5043,63401,0,0,0,1,1,1,1,1,1,tcp
9.29226303100586,other,5128,63401,0,0,0,1,1,1,1,1,1,tcp
9.292662143707275,other,5128,63461,0,0,0,1,1,2,0,1,1,tcp
9.33641004562378,other,5128,63740,0,0,0,1,1,2,0,1,1,tcp
9.34040904045105,other,5221,63740,0,0,0,1,1,1,1,1,1,tcp
9.360831022262573,other,5221,63800,0,0,0,1,1,2,0,1,1,tcp
0,other,74,0,0,0,0,0,1,1,1,0,0,tcp
0.02599477767944336,other,74,60,0,0,0,0,1,3,0,0,0,tcp
0.026472806930541992,other,128,60,0,0,0,0,1,1,1,0,0,tcp
0.028367996215820312,other,813,60,0,0,0,1,1,1,1,1,1,tcp
0.05203700065612793,other,813,326,0,0,0,1,1,3,0,1,1,tcp
0.052330970764160156,other,867,326,0,0,0,1,1,1,1,1,1,tcp
0.054071903228759766,other,985,326,0,0,0,1,1,1,1,1,1,tcp
0.05693697929382324,other,1209,326,0,0,0,1,1,1,1,1,1,tcp
0.05747485160827637,other,1209,386,0,0,0,1,1,3,0,1,1,tcp
0.08150196075439453,other,1209,1004,0,0,0,1,1,3,0,1,1,tcp
0.08192300796508789,other,1294,1004,0,0,0,1,1,1,1,1,1,tcp
0.10248279571533203,other,1294,1089,0,0,0,1,1,3,0,1,1,tcp
9.654919147491455,other,5598,63800,0,0,0,1,1,1,1,1,1,tcp
9.657540082931519,other,5683,63800,0,0,0,1,1,1,1,1,1,tcp
9.65809416770935,other,5683,63860,0,0,0,1,1,3,0,1,1,tcp
0.14752793312072754,other,1348,1089,0,0,0,1,1,1,1,1,1,tcp
9.709114074707031,other,5683,64056,0,0,0,1,1,3,0,1,1,tcp
9.7518789768219,other,5737,64056,0,0,0,1,1,1,1,1,1,tcp
9.752686023712158,other,5737,64193,0,0,0,1,1,3,0,1,1,tcp
9.752701997756958,other,5791,64193,0,0,0,1,1,1,1,1,1,tcp
9.753405094146729,other,5884,64193,0,0,0,1,1,1,1,1,1,tcp
9.863957166671753,other,5884,64253,0,0,0,1,1,3,0,1,1,tcp
0,other,74,0,0,0,0,0,1,1,1,0,0,tcp
0.025194883346557617,other,74,60,0,0,0,0,1,4,0,0,0,tcp
0.025274991989135742,other,128,60,0,0,0,0,1,1,1,0,0,tcp
0.027070999145507812,other,818,60,0,0,0,1,1,1,1,1,1,tcp
0.05492591857910156,other,818,326,0,0,0,1,1,4,0,1,1,tcp
0.05494880676269531,other,872,326,0,0,0,1,1,1,1,1,1,tcp
0.056163787841796875,other,990,326,0,0,0,1,1,1,1,1,1,tcp
0.057760000228881836,other,1214,326,0,0,0,1,1,1,1,1,1,tcp
0.057852983474731445,other,1714,326,0,0,0,1,1,1,1,1,1,tcp
0.05843186378479004,other,1714,386,0,0,0,1,1,4,0,1,1,tcp
0.08258795738220215,other,1714,1004,0,0,0,1,1,4,0,1,1,tcp
0.0831599235534668,other,1799,1004,0,0,0,1,1,1,1,1,1,tcp
0.10533285140991211,other,1799,1089,0,0,0,1,1,4,0,1,1,tcp
0.1464989185333252,other,1853,1089,0,0,0,1,1,1,1,1,1,tcp
0.14798593521118164,other,1853,1670,0,0,0,1,1,4,0,1,1,tcp
0.14805889129638672,other,1907,1670,0,0,0,1,1,1,1,1,1,tcp
0.14981579780578613,other,2000,1670,0,0,0,1,1,1,1,1,1,tcp
10.163204908370972,dns,844,1350,0,0,0,0,1,1,1,0,0,udp
10.163654088973999,dns,931,1350,0,0,0,0,1,1,1,0,0,udp
10.169920921325684,dns,1018,1350,0,0,0,0,1,1,1,0,0,udp
10.191819906234741,dns,1018,1546,0,0,0,0,1,1,0,0,0,udp
10.193571090698242,dns,1018,1754,0,0,0,0,1,1,0,0,0,udp
10.197124004364014,dns,1018,1950,0,0,0,0,1,1,0,0,0,udp
0,other,74,0,1,2,1,0,2,2,0,0,0,tcp
0.03667593002319336,other,74,60,1,2,1,0,2,5,0,0,0,tcp
0.0367131233215332,other,128,60,1,2,1,0,2,2,0,0,0,tcp
0.051460981369018555,other,825,60,1,2,2,1,2,2,0,1,1,tcp
0.07934713363647461,other,825,326,1,2,2,1,2,5,0,1,1,tcp
0.07938098907470703,other,879,326,1,2,2,1,2,2,0,1,1,tcp
0.08151793479919434,other,997,326,1,2,2,1,2,2,0,1,1,tcp
0.08614206314086914,other,1221,326,1,2,2,1,2,2,0,1,1,tcp
0.0869441032409668,other,1619,326,1,2,2,1,2,2,0,1,1,tcp
0.08744311332702637,other,1619,386,1,2,2,1,2,5,0,1,1,tcp
0.10556912422180176,other,1619,942,1,2,2,1,2,5,0,1,1,tcp
0.1466691493988037,other,1673,942,1,2,2,1,2,2,0,1,1,tcp
0.1479511260986328,other,1673,1089,1,2,2,1,2,5,0,1,1,tcp
0.14796805381774902,other,1727,1089,1,2,2,1,2,2,0,1,1,tcp
0.14989805221557617,other,1727,1620,1,2,2,1,2,5,0,1,1,tcp
0.14992403984069824,other,1781,1620,1,2,2,1,2,2,0,1,1,tcp
0.15132403373718262,other,1781,1744,1,2,2,1,2,5,0,1,1,tcp
0.15134096145629883,other,1835,1744,1,2,2,1,2,2,0,1,1,tcp
0.15316009521484375,other,1920,1744,1,2,2,1,2,2,0,1,1,tcp
0.15453314781188965,other,2013,1744,1,2,2,1,2,2,0,1,1,tcp
0.15510201454162598,other,2013,1804,1,2,2,1,2,5,0,1,1,tcp
0.37831592559814453,other,2093,1670,1,2,2,1,2,2,0,1,1,tcp
0.3786609172821045,other,2093,1730,1,2,2,1,2,5,0,1,1,tcp
0.3887009620666504,other,2330,1730,1,2,2,1,2,2,0,1,1,tcp
0.392136812210083,other,2330,1790,1,2,2,1,2,5,0,1,1,tcp
0.43395185470581055,other,2330,2088,1,2,2,1,2,5,0,1,1,tcp
0.25365209579467773,other,2235,1804,1,2,2,1,2,2,0,1,1,tcp
0.47443294525146484,other,2384,2088,1,2,2,1,2,2,0,1,1,tcp
0.4754610061645508,other,2384,2181,1,2,2,1,2,5,0,1,1,tcp
0.47547292709350586,other,2438,2181,1,2,2,1,2,2,0,1,1,tcp
0.4768259525299072,other,2531,2181,1,2,2,1,2,2,0,1,1,tcp
0.29726409912109375,other,2235,2012,1,2,2,1,2,5,0,1,1,tcp
0.3175790309906006,other,2328,2012,1,2,2,1,2,2,0,1,1,tcp
0.4469490051269531,other,2328,2072,1,2,2,1,2,5,0,1,1,tcp
0.6428558826446533,other,2531,2241,1,2,2,1,2,5,0,1,1,tcp
